Dentist Name,Clinic Name,Address
Yannick Girouard,Yannick Girouard,N/A
Juris Michelsons,Juris Michelsons,"40 Kerr St, Cambridge, ON, CA, N1R 4A3"
Michelle Tremblay (via Calendly),Michelle Tremblay (via Calendly),N/A
Kapil Kapoor,Kapil Kapoor,N/A
Prahamya Balaranjan,Prahamya Balaranjan,N/A
Sarah Michelsons,Sarah Michelsons,"40 Kerr St, Cambridge, ON, CA, N1R 4A3"
Mirela-Daniela Miciu,Mirela-Daniela Miciu,N/A
Evgueni Michtchenko,Evgueni Michtchenko,N/A
Roseanne Michou,Roseanne Michou,"5101 Dundas St W #104, Etobicoke, ON, CA, M9A 5G8"
Albine Miciano-Wiersema,SmiLee Dental Centre,"52 Front St S, Thorold, ON, CA, L2V 1W9"
Albine Miciano-Wiersema,Vineland Dental Centre,"4130 Victoria Ave #100, Vineland, ON, CA, L0R 2C0"
Albine Miciano-Wiersema,Kenway Dental Care,"2425 Eglinton Ave E #5, Scarborough, ON, CA, M1K 5G8"
Maria Mickiewicz,Maria Mickiewicz,N/A
Microsoft Power Automate,Microsoft Power Automate,N/A
Alison Midgley,Walk In The Park Family Dental,"890 Glasgow St #6, Kitchener, ON, CA, N2N 3G6"
Robert Midgley,No clinics found,N/A
Carlana Midence,Carlana Midence,N/A
Ran Midroni,Midroni Family Dental Care,"551 Eglinton Ave W, Toronto, ON, CA, M5N 1B5"
Henry Miecz,Miecz Dental,"12 Nelson St, Leamington, ON, CA, N8H 1G7"
Henry Miecz,Miecz Dental,"12 Nelson St, Leamington, ON, CA, N8H 1G7"
Enzo Mignacca,Enzo Mignacca,N/A
Andrew Mielzynski,Bramcare Dental Centre,"25 Peel Centre Dr #321, Brampton, ON, CA, L6T 3R5"
Janusz Mierzwa,Janusz Mierzwa,N/A
Corina Mihai,Corina Mihai,"1100 Sheppard Ave E #312, Toronto, ON, CA, M2K 2W1"
Elena Mihai,Elena Mihai,N/A
Algis Mikelenas,Algis Mikelenas,N/A
Andra Mihnea,Andra Mihnea,N/A
Christina Mikhael,Christina Mikhael,N/A
Mohsen Mikhael,Mohsen Mikhael,N/A
Anthony Mikhail,Kemet Dental Clinic,"51-3870 Eglinton Ave W, Mississauga, ON, CA, L5M 2R9"
Anthony Mikhail,Dentist @ Oakville,"370 Sixteen Mile Dr #1, Oakville, ON, CA, L6M 0Z3"
Anthony Mikhail,Queen's Plate Dental,"D-130 Queen's Plate Dr, Etobicoke, ON, CA, M9W 0B4"
Paul Mikhail,Paul Mikhail,"110 Sydney St, Cornwall, ON, CA, K6H 3H2"
Paul Mikhail,Paul Mikhail,N/A
Dmitry Mikhlin,Briarhill Dental Office,"2700 Dufferin St #59, Toronto, ON, CA, M6B 4J3"
Janina Mikulicz,Janina Mikulicz,N/A
Charles Miks,Charles Miks,N/A
Ali Milani,Ali Milani,N/A
Navid Milani,Milani Dentistry,"8280 York Regional Rd 27, Woodbridge, ON, CA, L4H 0R9"
Navid Milani,Marble Dental Centre,"125 Hawkview Blvd #6, Vaughan, ON, CA, L4H 3T7"
Jovan Milanovic,Jovan Milanovic,"4773 Yonge St #4J, North York, ON, CA, M2N 0G2"
Lauren Milchman,Lauren Milchman,N/A
Igor Milanovic,Igor Milanovic,"4773 Yonge St #4J, North York, ON, CA, M2N 0G2"
Mark Milchman,Mark Milchman,N/A
Milan Milec,Milan Milec,N/A
James Miles,James Miles,N/A
Dale Miles,Dale Miles,N/A
William Miletic,No clinics found,N/A
Vanessa Milich,Queensbury Dental,"1534 Queensbury Cres #2, Oakville, ON, CA, L6H 4G5"
Josiane Milette,Josiane Milette,N/A
Roxana Militaru,Greenfield Dental Health Group,"42 Colborne St N, Simcoe, ON, CA, N3Y 3T9"
Nikolina Milidrag,Nikolina Milidrag,"14 Gosfield Townline E, Essex, ON, CA, N8M 2R5"
Nikolaos Miliotis,Dr Nick Miliotis DMD,"100 Cowdray Crt #350, Scarborough, ON, CA, M1S 5C8"
Melanie Milito,Lotus Dental Clinic,"486 Hazeldean Rd #1, Kanata, ON, CA, K2L 1V4"
John Milkeraitis,John Milkeraitis,N/A
Keith Millar,Keith Millar,N/A
Brahm Miller,Brahm Miller,N/A
Robert Millar,No clinics found,N/A
Aaron Miller,Toronto Kids Dental,"1-799 York Mills Rd, North York, ON, CA, M3B 1X6"
Aaron Miller,Keswick Kids Dental,"24398 Woodbine Ave #2, Keswick, ON, CA, L4P 3E9"
Aaron Miller,Simcoe Kids and Family Dental,"1081 Innisfil Beach Rd #301, Innisfil, ON, CA, L9S 0N2"
Cindy Miller,Cindy Miller,N/A
Elizabeth Miller,Elizabeth Miller,N/A
David Miller,David Miller,N/A
Douglas Miller,Douglas Miller,N/A
Connie Miller,Connie Miller,N/A
David Miller,David Miller,N/A
John Miller,MillerGoodman Dentistry,"12 Second St, Collingwood, ON, CA, L9Y 1E3"
John Miller,John Miller,N/A
Malcolm Miller,Malcolm Miller,N/A
Karl Miller,Karl Miller,N/A
Kenneth Miller,Kenneth Miller,N/A
Mark Miller,Meadowcrest Dental Centre,"6 Campbell St #2, Brooklin, ON, CA, L0B 1C0"
Michael Miller,Michael Miller,N/A
Richard Miller,Richard Miller,N/A
Mitchell Miller,Miller Orthodontics,"16635 Yonge St #1-3, Newmarket, ON, CA, L3X 1V6"
Pierre Miller,Downtown Dental Anesthesia,"206 Main St W, 1st Floor, Hamilton, ON, CA, L8P 1J3"
Thomas Miller,Thomas Miller,N/A
Breanna Millette,Breanna Millette,N/A
Alexander Milligan,Alexander Milligan,N/A
Melissa Milligan,Bozek Milligan Orthodontics,"4300 Upper Middle Rd #5, Burlington, ON, CA, L7M 4P6"
Melissa Milligan,Bozek Orthodontics,"145 Hamilton St N #1, Waterdown, ON, CA, L0R 2H1"
Bruce Milligan,Bruce Milligan,N/A
Timothy Milligan,No clinics found,N/A
Steven Millman,Dentistry on Dundas,"107 Dundas St E, Whitby, ON, CA, L1N 2H6"
John Mills,John Mills,N/A
Christopher Mills,Glencoe Family Dentistry,"265 Main St #A, Glencoe, ON, CA, N0L 1M0"
Christopher Mills,Charles Street Dental,"59 Charles St E, Ingersoll, ON, CA, N5C 1J5"
Kenneth Mills,Kenneth Mills,N/A
Alan Mills,Alan Mills,N/A
William Mills,William Mills,N/A
Bruce Milne,Bruce Milne,N/A
Ian Milne,No clinics found,N/A
David Milne,David Milne,N/A
James Milne,James Milne,N/A
Donald Milne,Donald Milne,N/A
Jessica Milne,Wiltshire Family Dental,"914 Murphy Rd #10, Sarnia, ON, CA, N7S 5C4"
John Milne,John Milne,N/A
Paul Milne,Paul Milne,N/A
Alan Milnes,Alan Milnes,N/A
Jerzy Milner,Jerzy Milner,"2238 Dundas St W #210, Toronto West, ON, CA, M6R 1X6"
Amanda Milos,Amanda Milos,"5109 Steeles Ave W #10, Toronto, ON, CA, M9L 2Y8"
John Milroy,No clinics found,N/A
Ji Min,Ji Min,"32 Vaughan Rd, Toronto Central, ON, CA, M6G 2N3"
Ji Min,Arlington Dental,"798 St. Clair Ave W, Toronto, ON, CA, M6C 1B6"
Peter Milroy,Peter Milroy,N/A
Brian Minaker,Brian Minaker,N/A
Monir Mina,Monir Mina,N/A
Jessica Minardi,Canary Dental,"465 Front St E #11c, Toronto, ON, CA, M5A 0J2"
Yasmeen Minawi,Dentistry at Waterview,"560 North Service Rd, Unit D, Grimsby, ON, CA, L3M 0G3"
Yasmeen Minawi,Charlton Dentistry,"230 James St S Second Floor, Hamilton, ON, CA, L8P 3B3"
Yasmeen Minawi,Beacon Hill Dental Centre,"2501 Guelph Line #4, Burlington, ON, CA, L7M 2A3"
Laura Minea,Bristol Dental Clinic,"512 Bristol Rd W #1, Mississauga, ON, CA, L5R 3Z1"
Laura Minea,College Street Dentistry,"474 College St #207, Toronto Central, ON, CA, M6G 1A4"
Samuel Mincer,Avenue Dental Office,"1916 Avenue Rd, Toronto, ON, CA, M5M 4A1"
Samuel Mincer,North York General Hospital,"4001 Leslie St, North York, ON, CA, M2K 1E1"
Melanie Mincer,Avenue Dental Office,"1916 Avenue Rd, Toronto, ON, CA, M5M 4A1"
Melanie Mincer,Mount Sinai Hospital,"600 University Ave #412, Dental Dept, Toronto, ON, CA, M5G 1X5"
Kayla Mincer,Kayla Mincer,"30 Martha St #312, Bolton, ON, CA, L7E 5V1"
Kayla Mincer,L.I.U.N.A. Local 183,"1263 Wilson Ave #103, North York, ON, CA, M3M 3G2"
John Miner,John Miner,N/A
Charles Minett,Charles Minett,"51 Yarmouth St, Guelph, ON, CA, N1H 4G2"
Farah Minhas,Tremaine Dental and Medical Centre,"6000 Main St W #1-3, Milton, ON, CA, L9T 9M1"
Navneet Minhas,Navneet Minhas,"735 Twain Ave #16, Mississauga, ON, CA, L5W 1X1"
Navneet Minhas,Simona Dental Studio,"22 Simona Dr #10, Bolton, ON, CA, L7E 4K1"
Neha Minhas,Neha Minhas,N/A
Paul Minich,Paul Minich,N/A
Cheryl Minniti,Cheryl Minniti,N/A
Simeon Minkov,Simeon Minkov,"600 Sherbourne St #409, Toronto, ON, CA, M4X 1W4"
Simeon Minkov,Dental Emergency Service,"1650 Yonge St #100, Toronto, ON, CA, M4T 2A2"
Thomas Minkov,At the Dentist Junction,"2854 Dundas St W, Toronto, ON, CA, M6P 1Y7"
Thomas Minkov,Bronte Village Dental Office,"2447 Lakeshore Rd West #2, Oakville, ON, CA, L6L 1H6"
Thomas Minkov,Dental Emergency Service,"1650 Yonge St #100, Toronto, ON, CA, M4T 2A2"
Thomas Minkov,Thomas Minkov,"600 Sherbourne St #409, Toronto, ON, CA, M4X 1W4"
Azita Minouei,Humber River Dentistry,"1340 Wilson Ave, Toronto, ON, CA, M3M 1H8"
Bruce Minielly,Bruce Minielly,N/A
Stephen Minsky,Stephen Minsky,N/A
Mina Mir,York Orthodontics,"7608 Yonge St # 1, Thornhill, ON, CA, L4J 0J5"
Mina Mir,Mina Mir,"1394 Wilson Ave, Toronto, ON, CA, M3M 1H8"
Nima Mir,York Orthodontics,"7608 Yonge St # 1, Thornhill, ON, CA, L4J 0J5"
Nima Mir,Nima Mir,"1013 Wilson Ave #204, Toronto, ON, CA, M3K 1G1"
Nima Mir,Meadowvale Dental Group,"6855 Meadowvale Town Ctr Circ #308, Mississauga, ON, CA, L5N 2Y1"
Nima Mir,White Cedar Dental Care,"630 Huronia Rd #7, Barrie, ON, CA, L4N 0W5"
Nima Mir,Summerllyn Dental Care,"459 Holland St W Bdg F #1, Bradford, ON, CA, L3Z 0C1"
Azadeh Mir Rahimi,Azadeh Mir Rahimi,N/A
Negar Mir Sharifi,LightHouse Dental,"900 Division St #140, Cobourg, ON, CA, K9A 5V2"
Maurizio Mirabelli,Maurizio Mirabelli,"1903 10th Ave, Port Huron, MI, US, 48060"
Maurizio Mirabelli,Maurizio Mirabelli,"30070 23 Mile Rd, Chesterfield, MI, US, 48047"
Sayed Mirbod,Sayed Mirbod,N/A
Mana Mirfendereski,Mana Mirfendereski,N/A
Rekha Miranda,Quinte Mall Dental,"100 Bell Blvd #225, Belleville, ON, CA, K8P 4Y7"
Alireza Mirfarsi,Navan Dental Clinic,"3417 Trim Rd #1 PO Box 39, Navan, ON, CA, K4B 1J3"
Gharan Mirhosseini,Gharan Mirhosseini,N/A
Ali Mirjan,Ali Mirjan,N/A
Farzad Mirkheshti,Family Dental Centre,"707 Mount Pleasent Rd, Toronto, ON, CA, M4S 2N4"
Hamid Mirlohi,All Smiles Family Dental,"54 Finch Ave W, North York, ON, CA, M2N 2H2"
Hamid Mirlohi,Clove Dental,"1110 Sheppard Ave E #210, Toronto, ON, CA, M2K 2W2"
Hamid Mirlohi,Armadale Dentistry,"7720 Markham Rd #A4, Markham, ON, CA, L3S 3K1"
Paul Mirkopoulos,Community Outreach Mobile Dental and Dental Hygiene Services COMDH,"246 Mantle Ave, Stouffville, ON, CA, L4A 0K8"
Alireza Mirlohi,Alireza Mirlohi,"2860 Lakeshore Blvd W, Etobicoke, ON, CA, M8V 1H9"
Alireza Mirlohi,Alireza Mirlohi,"704 Burnhamthorpe Rd E, Mississauga, ON, CA, L4Y 2X3"
Alireza Mirlohi,Clove Dental,"1110 Sheppard Ave E #210, Toronto, ON, CA, M2K 2W2"
Farnaz Mirmohammadali,Farnaz Mirmohammadali,"2 Philosopher's Tr #1, Brampton, ON, CA, L6S 4C9"
Ramin Mirmooji,Ramin Mirmooji,N/A
Aida Mirnejadjoybari,Oshawa Centre Dental Office,"419 King St W #1000, Oshawa, ON, CA, L1J 2K5"
Aida Mirnejadjoybari,Tooth Connection Dental,"7777 Weston Rd #218, Woodbridge, ON, CA, L4L 0G9"
Aida Mirnejadjoybari,Aldent Smile Dentistry,"1193 The Queensway #1, Etobicoke, ON, CA, M8Z 1R6"
Aida Mirnejadjoybari,D on D Dental,"1684 Danforth Ave #3, Toronto East, ON, CA, M4C 1H6"
Kaveh Mirsaeidi,No clinics found,N/A
Patrick Miron,Ogilvie Dental,"1942 Montreal Rd, Gloucester, ON, CA, K1J 6N2"
Arshad Mirza,Arshad Mirza,"14 Gosfield Townline E, Essex, ON, CA, N8M 2R5"
Maha Mirza,Eastside Dental Office,"6925 Enterprise Way #3, Windsor, ON, CA, N8T 3N6"
Nausheen Mirza,Uptown Dental @ Trafalgar,"330 Dundas St E #1, Oakville, ON, CA, L6H 6Z9"
Mayce Mirza,Ari Dental,"46 John St, Toronto, ON, CA, M5V 3W2"
Mayce Mirza,Ari Dental,"451 King St. W #104, Toronto, ON, CA, M5V 1K4"
Mayce Mirza,123 Edward Street Dental,"123 Edward St #905, Toronto, ON, CA, M5G 1E2"
Mayce Mirza,Mayce Mirza,"1051 Queen St W #1, Toronto, ON, CA, M6J 1H3"
Mayce Mirza,Windsor Family Dentistry,"3245 Electricity Dr, Windsor, ON, CA, N8W 5J1"
Deniz Mirza,Bay Dental Group,"648 Bay St #201, Sault Ste. Marie, ON, CA, P6A 1X8"
Omar Mirza,Omar Mirza,N/A
Piran Mirza,Piran Mirza,N/A
Amir Mirzaei,Apple's Elmvale Dental Clinic,"1910 St. Laurent Blvd #36, Ottawa, ON, CA, K1G 1A4"
Amir Mirzaei,Apple's Portobello Dental Clinic,"1968 Portobello Blvd #4, Orleans, ON, CA, K4A 4E7"
Amir Mirzaei,Apple's Crown Dental Clinic,"900 Watters Rd #10, Cumberland, ON, CA, K4A 0B4"
Amir Mirzaei,Apple's Central Dental,"220 Laurier Ave #102, Ottawa, ON, CA, K1P 6L5"
Amir Mirzaei,Apple's Millenium Park Dental Clinic,"2010 Trim Rd #15 &16, Orleans, ON, CA, K4A 0G4"
Farzin Mirzaeeyan,Expo City Dental,"104-2904 Highway 7, Concord, ON, CA, L4K 0K4"
Farzin Mirzaeeyan,Howden Dental Care,"375 Howden Blvd #9, Brampton, ON, CA, L6S 4L6"
Farzin Mirzaeeyan,Luna Dentistry,"539 Mount Pleasant Rd, Toronto, ON, CA, M4S 2M5"
Farzin Mirzaeeyan,Farzin Mirzaeeyan,"3403 Fieldgate Dr, Mississauga, ON, CA, L4X 2J4"
Farzin Mirzaeeyan,BiteCraft Dental,"6262 Highway 7 #2, Vaughn, ON, CA, L4H 5E7"
Farzin Mirzaeeyan,Farzin Mirzaeeyan,"3225 Lawrence Ave E #205, Scarborough, ON, CA, M1H 3C2"
Farzin Mirzaeeyan,Walk In Dental Clinic,"6093 Yonge St, Toronto, ON, CA, M2M 3W2"
Farzin Mirzaeeyan,Luna Dentistry,"10520 Yonge St #7b, Richmond Hill, ON, CA, L4C 3C7"
Farzin Mirzaeeyan,Wellington Aurora Dental Office,"300 Wellington St E #C1, Aurora, ON, CA, L4G 1J5"
Laura Mirzai,Aria Dental Centre,"640 Hyde Park Rd #3, London, ON, CA, N6H 3S1"
Pagah Sadat Mirzakhalili,Cottage Country Bracebridge Dental Centre,"195 Ecclestone Dr, Bracebridge, ON, CA, P1L 1G4"
Nicole Mirzakhani,Aspen Springs Dental Centre,"1 Hartwell Ave #300, Bowmanville, ON, CA, L1C 0N1"
Howard Misener,Howard Misener,N/A
Walter Misek,Walter Misek,N/A
Maged Mishriky,57 (Fifty-Seven) North Prosthodontics,"1785 Alta Vista Dr #103 & 106, Ottawa, ON, CA, K1G 3Y6"
Maged Mishriky,Monfort Hospital Clinic,"713 Montreal Rd 6th Floor-Monfort Hospital Clinic 1 Dental Unit Detachment Monfort Bldg D, Ottawa, ON, CA, K1K 0T2"
Rahul Mishra,Northern Pines Dental Centre,"237 Hastings St N PO Box 908, Bancroft, ON, CA, K0L 1C0"
Joseph Miskin,No clinics found,N/A
Nathan Miskin,Nathan Miskin,"235 North Centre Rd #300, London, ON, CA, N5X 4E7"
Victor Miskovsky,Victor Miskovsky,N/A
Chetna Mistry,Chetna Mistry,"4646 Heritage Hills Blvd #5, Mississauga, ON, CA, L5R 1Y3"
Chetna Mistry,Gelinas Dental Studio,"2076 Dundas St W, Toronto, ON, CA, M6R 1W9"
Loren Missulawin,Loren Missulawin,N/A
Nassim Missaghian,Nassim Missaghian,N/A
Freddy Kersi Mistry,Department of Oral Surgery,"124 Edward St, Toronto, ON, CA, M5G 1G6"
Freddy Kersi Mistry,Parkwoods Dental,"1271 York Mills Rd #3 & 4, Toronto, ON, CA, M3A 1Z5"
Freddy Kersi Mistry,Freddy Kersi Mistry,"7117 Bathurst St #206, Thornhill, ON, CA, L4J 2J6"
Jitendra Mistry,Jitendra Mistry,"4646 Heritage Hills Blvd #5, Mississauga, ON, CA, L5R 1Y3"
Ketan Mistry,Ketan Mistry,"103 Clair Rd E #A101, Guelph, ON, CA, N1L 0J7"
Ketan Mistry,Ketan Mistry,"231 Eliza St Box 160, Arthur, ON, CA, N0G 1A0"
Manish Mistry,Gloucester Dental Centre,"1980 Ogilvie Rd #150, Gloucester, ON, CA, K1J 9L3"
Pannaben Mistry,Pannaben Mistry,"40 Peel Centre Dr #214, Brampton, ON, CA, L6T 4B4"
Krupali Mistry,Eastview Dental,"477 Grove St E #14, Barrie, ON, CA, L4M 6M3"
Krupali Mistry,Rose Dental Centre,"16 Rose Ave, Orillia, ON, CA, L3V 6Y5"
Osamu Misumi,Osamu Misumi,N/A
David Mitchell,David Mitchell,N/A
Sherri Mitani,Sherri Mitani,N/A
David Mitchell,David Mitchell,N/A
Ellwood Mitchell,Ellwood Mitchell,N/A
Gary Mitchell,Gary Mitchell,N/A
Robert Mitchell,Robert Mitchell,N/A
Tracy Mitchell,Tracy Mitchell,N/A
Hatimali Mithaiwala,Hatimali Mithaiwala,N/A
John Mitchinson,John Mitchinson,N/A
Edward Mitchinson,Edward Mitchinson,N/A
Neha Mithia,Neha Mithia,N/A
Vipin Mithia,No clinics found,N/A
Salman Mithwani,Portway Dental Centre,"230 Shellard Ln, Brantford, ON, CA, N3T 0B9"
Salman Mithwani,Pearl Dental Centre,"595 West St #8, Brantford, ON, CA, N3R 7C5"
Salman Mithwani,Kitchener East Family Dental,"85 East Ave, Kitchener, ON, CA, N2H 1Y6"
Salman Mithwani,Dental Solutions,"97 Frederick St, Kitchener, ON, CA, N2H 2L5"
Mike Mitic,Mike Mitic,N/A
Antony Mitilineos,Mystic Pointe Dental,"270 Manitoba St #6, Etobicoke, ON, CA, M8Y 4G9"
Antony Mitilineos,K.M. Dental Group,"703 The Queensway, Etobicoke, ON, CA, M8Y 1L2"
Antony Mitilineos,Dr. Roman and Associates,"2100 Finch Ave W #205, Downsview, ON, CA, M3N 2Z9"
Antony Mitilineos,Polar Dental Centre-Yorkdale Mall,"3401 Dufferin St #202 West Offices, Box 11, Toronto, ON, CA, M6A 2T9"
Sorin Mitrana,Country Park Dental,"1450 Block Line Rd #101, Kitchener, ON, CA, N2C 0A5"
Sorin Mitrana,River Family Dentistry,"1401 River Rd E #6, Kitchener, ON, CA, N2A 3X9"
Antonios Mitropoulos,Forest Hill Dental,"507 Eglinton Ave W, Toronto, ON, CA, M5N 1B1"
Antonios Mitropoulos,Danforth Neighbourhood Dental Centre,"643 Danforth Ave Main Floor, Toronto, ON, CA, M4K 1R2"
Judy Mitsui,Judy Mitsui,N/A
Dheeraj Mittal,Dheeraj Mittal,N/A
Minalini Mittal,Minalini Mittal,"119 Pine St S #318, Timmins, ON, CA, P4N 2K3"
Veenu Mittal,Sunnybrook Health Sciences Centre,"2075 Bayview Ave H#126 Dentistry Department, Toronto, ON, CA, M4N 3M5"
Larry Mittelmann,Larry Mittelmann,"99 Main St N, Brampton, ON, CA, L6X 1M8"
Larry Mittelmann,Larry Mittelmann,"1232 Lawrence Ave E, Don Mills, ON, CA, M3A 1B9"
Gregory Mitton,Gregory Mitton,N/A
Stephen Mitz,No clinics found,N/A
Glenn Mizener,Glenn Mizener,N/A
Avraham Mizrachi,Avraham Mizrachi,N/A
Victor Mizzi,Victor Mizzi,N/A
Jeffrey Mlotek,Jeffrey Mlotek,N/A
Nicholas Mlekuz,No clinics found,N/A
Ivan Mo,Ivan Mo,"1 Spadina Rd #15, Richmond Hill, ON, CA, L4B 3M2"
Shahin Moallem,Brookdale Dentistry,"3280 Yonge St, Toronto, ON, CA, M4N 2L6"
Shahin Moallem,Thorncliffe Overlea Dental Centre,"65 Overlea Blvd #103, Toronto, ON, CA, M4H 1P1"
Bashar Moamer-Bashi,White Cedar Dental Care,"610 Huronia Rd #7, Barrie, ON, CA, L4N 0W5"
Bashar Moamer-Bashi,Smiles at Summerhill Dental,"16880 Yonge St #2, Newmarket, ON, CA, L3Y 0A3"
Bashar Moamer-Bashi,Summerllyn Dental Care,"459 Holland St W Bdg F #1, Bradford, ON, CA, L3Z 0C1"
Nasim Moarefi,Nasim Moarefi,N/A
Arash Mobini,No clinics found,N/A
Olav Moberg,Olav Moberg,N/A
Marjan Moaveni,Hyde Park Dentistry,"994 Gainsborough Rd, London, ON, CA, N6H 5L4"
Ashkan Mobini,Toronto Oral and Facial Surgery,"642 Mt Pleasant Rd #4, Toronto, ON, CA, M4S 2N1"
Ashkan Mobini,Ashkan Mobini,"333 Sheppard Ave E #300, Toronto, ON, CA, M2N 3B3"
Ashkan Mobini,Waterloo Oral Surgery,"55 Erb St E #203, Waterloo, ON, CA, N2J 4K8"
Ashkan Mobini,Ashkan Mobini,"449 Belmont Ave W, Kitchener, ON, CA, N2M 1N2"
Ashkan Mobini,Apple Creek Dental Office,"8865 Woodbine Avenue Unit D1, Markham, ON, CA, L3R 5G1"
Ashkan Mobini,Guelph Oral Surgery,"230 Silvercreek Parkway N, Guelph, ON, CA, N1H 7P8"
Keith Mochizuki,Keith Mochizuki,N/A
Stephen Mocrae,Dr. Stephen Mocrae Family Dentistry,"400 Bayfield St #G29A Kozlov Centre, Barrie, ON, CA, L4M 5A1"
David Mock,David Mock,N/A
Melika Modabber,Emerald View Dental,"4750 Yonge St #329/330, Toronto, ON, CA, M2N 5M6"
Melika Modabber,Dentistry 4 Kids,"81 Old Kingston Rd Pickering Village, Ajax, ON, CA, L1T 3A6"
Jay Modh,Greenstone Dental Longlac Office,"101 King St Unit C , PO Box 1019, Longlac, ON, CA, P0T 2A0"
Peter Model,Peter Model,N/A
Bhavesh Modi,Robertson Family Dentistry,"2017 Robertson Rd, Nepean, ON, CA, K2H 5Y7"
Bhavesh Modi,Costello Family Dentistry,"6 Costello Dr, Carleton Place, ON, CA, K7C 4P9"
Bhavesh Modi,Yazdani Family Dentistry,"115 Sanders St #A Box 1681, Kemptville, ON, CA, K0G 1J0"
Bhaveshkumar Modi,No clinics found,N/A
Palash Modi,No clinics found,N/A
Nayan Modi,Country Dental,"668 Hespeler Rd, Cambridge, ON, CA, N1R 6J8"
Nayan Modi,Nayan Modi,"445 Beechwood Pl #102, Waterloo, ON, CA, N2T 1Z2"
Himani Modi,Country Dental,"804 Tower St S #105, Fergus, ON, CA, N1M 2R3"
Himani Modi,Lancaster Dental,"493 Lancaster St W #206, Kitchener, ON, CA, N2K 1L8"
Pio Modi,Parkway Dentistry,"299 Wayne Gretzky Parkway #1, Brantford, ON, CA, N3R 8A5"
Vinit Girishbhai Modi,Vinit Girishbhai Modi,N/A
Parisa Modiri,Rose Hill Dental,"9580 Yonge St #104, Richmond Hill, ON, CA, L4C 1V6"
Parisa Modiri,Unite H.E.R.E. Wellness and Dental Centre,"123 Edward St #1010, Toronto Central, ON, CA, M5G 1E2"
William Moebus,William Moebus,N/A
Karen Moehlmann,K2 Dental,"559 Stevens Crt #1, Newmarket, ON, CA, L3Y 6Z3"
Mahroo Mofarrahi,Mahroo Mofarrahi,N/A
Amirsalar Mofidi,Limestone Periodontics,"920 Gardiners Rd #7, Kingston, ON, CA, K7M 7N2"
Negin Moghaddam,Negin Dental Clinic,"3251 Sheppard Ave E #203, Scarborough, ON, CA, M1T 3K1"
Noushin Moghaddassi,Noushin Moghaddassi,N/A
Sahel Moghtadernejad,Sahel Moghtadernejad,"10157 Yonge St, Richmond Hill, ON, CA, L4C 1T5"
Elmira Moghaddamnia,Elmira Moghaddamnia,N/A
Arezou Mohajer,Arezou Mohajer,N/A
Wid Mohamad,Tooth Harmony Dental Office,"8685 Lundy's Lane #9, Niagara Falls, ON, CA, L2H 1H5"
Wid Mohamad,Windwood Place Family Dental Office,"3200 Regional Rd Hwy #56 Unit#107/108 PO Box 155, Binbrook, ON, CA, L0R 1C0"
Aram Mohajeri,Ari Dental,"451 King St. W #104, Toronto, ON, CA, M5V 1K4"
Aram Mohajeri,Aram Mohajeri,"1051 Queen St W #1, Toronto, ON, CA, M6J 1H3"
Aram Mohajeri,Ari Dental,"46 John St, Toronto, ON, CA, M5V 3W2"
Maged Mohamed,Jane Street Dental,"2780 Jane St #210, Toronto, ON, CA, M3N 2J2"
Maged Mohamed,Maged Mohamed,"792 Kennedy Rd #201, Scarborough, ON, CA, M1K 2C8"
Naheed Mohamed,Alliance Dental Specialists,"1525 Cornwall Rd #21, Oakville, ON, CA, L6J 0B2"
Naheed Mohamed,Perio Clinic Oakville,"1525 Cornwall Rd #20, Oakville, ON, CA, L6J 0B2"
Naheed Mohamed,Periodontal Associates,"4295 Village Centre Crt, Mississauga, ON, CA, L4Z 1S2"
Naheed Mohamed,Altima Cedarbrae Dental Centre,"3451A Lawrence Ave Mall Level, Scarborough, ON, CA, M1H 1B3"
Sherief Mohamed,Port Elgin Family Dentistry,"203 Goderich St #B, Port Elgin, ON, CA, N0H 2C1"
Sherouk Mohamed,No clinics found,N/A
Abdul Mohamed Yakub,Bovaird Smiles Dental,"2250 Bovaird Dr E #105, Brampton, ON, CA, L6R 0W3"
Abdul Mohamed Yakub,Hill Dental,"50 Rolling Hills Dr #7, Orangeville, ON, CA, L9W 4W2"
Abdul Mohamed Yakub,Veterans Drive Dental,"359 Veterans Dr, Brampton, ON, CA, L7A 4W1"
Shaheena Mohamed Hussain,Woodchester Dental,"2458 Dundas St W #5, Mississauga, ON, CA, L5K 1R8"
Shaheena Mohamed Hussain,Clarkson Care Dental,"1900 Lakeshore Rd W #12, Mississauga, ON, CA, L5J 1J7"
Shaheena Mohamed Hussain,On the Cusp Dental Hygiene,"3029 New St, Burlington, ON, CA, L7R 1K3"
Layth Mohamed Salih,Rainbow Dental Centre,"1 Water St Box 2027, Angus, ON, CA, L0M 1B0"
Layth Mohamed Salih,Molson Park Dental Office,"33 Mapleview Dr W, Barrie, ON, CA, L4N 9H5"
Dana Mohammad,Summersmile Family Dental,"1319 Commissioners Rd E #E1, London, ON, CA, N6M 0B8"
Ibrahim Mohammad,Century Stone Dental,"684 Main St E, Hamilton, ON, CA, L8M 1K5"
Ibrahim Mohammad,Hamilton Mountain Dental Group,"79 Rymal Rd W #1, Hamilton, ON, CA, L9B 1B5"
Ibrahim Mohammad,Millcroft Dental Care,"2020 Appleby Line #B4A, Burlington, ON, CA, L7L 6M6"
Nafiseh Mohammad Nazar,Downsview Park Dental Clinic,"20 DeBoers Dr #101, North York, ON, CA, M3J 0H1"
Elham Mohammadi,Anne Street Dental,"353 Anne St N, Barrie, ON, CA, L4N 7Z9"
Farida Mohammadi,Don River Dental Clinic,"B107-1396 Don Mills Rd, North York, ON, CA, M3B 0A7"
Farida Mohammadi,Speers Dental Centre,"225 Speers Rd #2, Oakville, ON, CA, L6K 0J4"
Soheil Mohammadi Khojasteh,Toronto Sleep Dentistry,"1584 Bloor St W, Toronto, ON, CA, M6P 1A7"
Soheil Mohammadi Khojasteh,Dental Care Asleep,"2480 Homer Watson Blvd #4A, Kitchener, ON, CA, N2P 2R5"
Roya Mohammadi,Adelaide Dental,"20 Adelaide St E #100, Toronto, ON, CA, M5C 2T6"
Roya Mohammadi,Smile Design Dental Centre,"670 Markham Rd, Toronto, ON, CA, M1H 2A7"
Roya Mohammadi,Dentistry on the Path,"390 Bay St #C006 Floor B1, Toronto, ON, CA, M5H 2Y2"
Iman Mohammadianfar,Crystal Crown Dental,"9471 Yonge St #102, Richmond Hill, ON, CA, L4C 0Z5"
Laleh Mohammadianbajgiran,Lakeside Family Dentistry,"89 Colborne St E, Orillia, ON, CA, L3V 1T8"
Sara Mohammadi-Khojasteh,Cannington Dental Office,"18 Ann St N PO Box 459, Cannington, ON, CA, L0E 1E0"
Sara Mohammadi-Khojasteh,Wave Dental Port Perry,"1535 Hwy 7A #H6, Port Perry, ON, CA, L9L 1B5"
Nazanin Mohammadi-Tochaie,Nazanin Mohammadi-Tochaie,N/A
Sherwin Mohammadnabi,Sherwin Mohammadnabi,N/A
Baseer Mohammed,Markham Gateway Dentistry,"2855 Markham Rd #108, Scarborough, ON, CA, M1X 0C3"
Baseer Mohammed,Bright View Dental Care,"9582 Markham Rd #1&2, Markham, ON, CA, L6E 0T4"
Baseer Mohammed,Hastings/Prince Edward County Hlth Unit,"179 North Park St, Belleville, ON, CA, K8P 4P1"
Layth Mohammed,Dawson Dental Centre - Kitchener,"235 Ira Needles Blvd Bldg C #1, Kitchener, ON, CA, N2N 0B2"
Nazek Mohammed,Eastgate Dental Centre,"75 Centennial Parkway N #C005B, Hamilton, ON, CA, L8E 2P2"
Tanya Mohammed,A2 Dental,"1110 Carp Rd #105, Stittsville, ON, CA, K2S 0T2"
Tamara Mohammed,Oakvillage Dental Office,"200 North Service Rd W #8, Oakville, ON, CA, L6M 2Y1"
Tamara Mohammed,Front Street Smile Dental,"363 Front St W, Toronto, ON, CA, M5V 3S8"
Tamara Mohammed,Beacon Hill Dental Centre,"2501 Guelph Line #4, Burlington, ON, CA, L7M 2A3"
Tamara Mohammed,Plains Dental Centre,"141 Plains Rd W, Burlington, ON, CA, L7T 1G1"
Paul Mohan,Paul Mohan,N/A
Anusha Mohan,Anusha Mohan,N/A
David Mohan,David Mohan,"3 Wyatt St E #1, Elmira, ON, CA, N3B 2H4"
Yasser Mohammed,Rose City Dental Centre,"429 Thorold Rd #101, Welland, ON, CA, L3C 3W4"
Yasser Mohammed,Welland Dental Centre,"7 Riverside Dr, Welland, ON, CA, L3C 5C6"
Lawrence Mohan,Lawrence Mohan,"3 Wyatt St E #1, Elmira, ON, CA, N3B 2H4"
Ratnasingham Mohan,Ratnasingham Mohan,"2180 Steeles Ave W #1, Concord, ON, CA, L4K 2Z5"
Ratnasingham Mohan,CanSmile Dental,"3033 Palstan Road #206, Mississauga, ON, CA, L4Y 4E7"
Ratnasingham Mohan,Warden Dental Clinic,"2190 Warden Ave #205, Scarborough, ON, CA, M1T 1V6"
Silpa Mohan,Dawson Dental Centre - North Bay,"1221 Algonquin Ave #501, North Bay, ON, CA, P1B 4Y3"
Varun Mohan,247 King Dental,"247 King Street N #1B, Waterloo, ON, CA, N2J 2Y8"
Varun Mohan,Eastbridge Dental Centre,"370 Eastbridge Blvd #1 & #2, Waterloo, ON, CA, N2K 4P1"
Sakhithya Mohanathaas,Whitby Mall Dental Office,"1615 Dundas St E #57, Whitby, ON, CA, L1N 2L1"
Hooman Mohandesan,St. John's Family Dentistry,"7 William Graham Dr #A1/A2, Aurora, ON, CA, L4G 3G3"
Sanjukta Mohanta,Winston Churchill Dental,"2955 Argentia Rd #D-1, Mississauga, ON, CA, L5N 0A2"
Sanjukta Mohanta,Sanjukta Mohanta,"21 Panorama Crt, Toronto, ON, CA, M9V 3S6"
Sanjukta Mohanta,Sunrise Kids Dental,"2100 Ellesmere Rd #312, Scarborough, ON, CA, M1H 3B7"
Galina Mohebat,Galina Mohebat,N/A
Pradeep Mohapatra,Weeneebayko Area Health Authority,"19 Hospital Drive, PO Box 664, Moose Factory, ON, CA, P0L 1W0"
Pradeep Mohapatra,Britannia-Mavis Family Dental Practice,"812 Britannia Rd #108, Mississauga, ON, CA, L5V 2W1"
Elham Mohassel Mofrad,Speers Dental Centre,"225 Speers Rd #2, Oakville, ON, CA, L6K 0J4"
Adel Mohareb,Adel Mohareb,N/A
Pooneh Mohebbi,Alliance Dental Specialists,"1525 Cornwall Rd #21, Oakville, ON, CA, L6J 0B2"
Pooneh Mohebbi,By The Lake Dental,"371 Old Kingston Rd #4A, Scarborough, ON, CA, M1C 1B7"
Pooneh Mohebbi,Pooneh Mohebbi,"2 Finch Ave W, North York, ON, CA, M2N 6L1"
Mona Mohsen,Riverdale Dental,"1000 Gerrard St E #D3, Toronto, ON, CA, M4M 3G6"
Mona Mohsen,Mona Mohsen,"745 Danforth Ave #309, Toronto East, ON, CA, M4J 1L4"
Shima Mohsen-Pour,Shima Mohsen-Pour,N/A
Gurpreet Mohi,BramCountry Dental,"10970 Bramalea Rd #6, Brampton, ON, CA, L6R 3X1"
Gurpreet Mohi,Great Lakes Dentistry,"105-3465 Rebecca St, Oakville, ON, CA, L6L 6W2"
Gurpreet Mohi,Chinguacousy Dentistry,"8975 Chinguacousy Rd #5, Brampton, ON, CA, L6Y 0J2"
Bhaminy Mohendran,SmilesonFinch,"3430 Finch Ave E#201, Scarborough, ON, CA, M1W 2R5"
Bhaminy Mohendran,Bhaminy Mohendran,"40 Finchgate Blvd #114, Brampton, ON, CA, L6T 3J1"
Bhaminy Mohendran,Bhaminy Mohendran,"3351 Markham Rd #119, Toronto, ON, CA, M1X 0A6"
Shei Hua Moi,Maranatha Dental Centre,"4040 Finch Ave E #101, Scarborough, ON, CA, M1S 4V5"
Shei Hua Moi,Shei Hua Moi,"29-4465 Sheppard Ave E, Scarborough, ON, CA, M1S 5H9"
Shei Hua Moi,Shei Hua Moi,"1027 McNicoll Ave, Scarborough, ON, CA, M1W 3W6"
Valentina Moiseenko,Langs Community Health Centre,"1145 Concession Rd, Cambridge, ON, CA, N3H 4L5"
Meaghan Moiseev,Meaghan Moiseev,N/A
Sara Mojallal,Westwood Gardens Dental Clinic,"18-8868 Yonge St, Richmond Hill, ON, CA, L4C 1Z8"
Sara Mojallal,Maple Hill Dental Office,"10330 Yonge St #5, Richmond Hill, ON, CA, L4C 5N1"
Zahra Mojdami,Christie Park Dental Clinic,"745 Bloor St W, Toronto, ON, CA, M6G 1L6"
Zahra Mojdami,Zahra Mojdami,"27-29 Elm St, Toronto, ON, CA, M5G 1H1"
Denise Moison,Denise Moison,N/A
Lila Mojtahedi,Summer Breeze Dental,"4190 Finch Ave E #128, Scarborough, ON, CA, M1S 4T7"
Lila Mojtahedi,Lila Mojtahedi,"64-300 Borough Dr, Scarborough, ON, CA, M1P 4P5"
Mehran Mojgani,Mehran Mojgani,"1110 Sheppard Ave E #302, Willowdale, ON, CA, M2K 2W2"
Mehran Mojgani,Ellesmere Kennedy Dental Centre,"919 Ellesmere Rd #102, Scarborough, ON, CA, M1P 2W7"
Mehran Mojgani,City Square Dental,"3660 Hurontario St #201 Mississauga Corporate Centre, Mississauga, ON, CA, L5B 3C4"
Mehran Mojgani,Pickering Dental,"1355 Kingston Rd #14, Pickering, ON, CA, L1V 1B8"
Mehran Mojgani,Dr. Illango & Associates,"3852 Finch Ave E #303 & 204, Scarborough, ON, CA, M1T 3T9"
Joanna Mok,Joanna Mok,N/A
Kenneth Mok,Kenneth Mok,N/A
Tony Mok,Tony Mok,N/A
Khallil Mokdad,600 Tecumseh Dental,"600 Tecumseh Rd E #139, Windsor, ON, CA, N8X 4X9"
Khallil Mokdad,Walkerville Dental,"1378 Ottawa St, Windsor, ON, CA, N8X 2E8"
Nima Mokhber,Aquadent Dental Care,"799 College St #102, Toronto, ON, CA, M6G 1C7"
Nima Mokhber,Lighthouse Dental – Kingston,"1716 Bath Rd, Kingston, ON, CA, K7M 4Y2"
Mohammad Mokhtari,Huronia Oral Surgery Group,"128 Wellington St W #308, Barrie, ON, CA, L4N 8J6"
Mohammad Mokhtari,Huronia Oral Surgery Group,"700 Cassells Ave, North Bay, ON, CA, P1B 4A4"
Irene Mokriy,Irene Mokriy,N/A
Ash Khan Mokhtari,Memorial Avenue Dentistry,"790 Memorial Ave, Thunder Bay, ON, CA, P7B 3Z8"
Saied Molayem,Saied Molayem,N/A
Marlon Moldez,Marlon Moldez,N/A
Frederick Moldofsky,Frederick Moldofsky,N/A
Daniel Moldovan,Victoria Family Dentistry,"3911 Victoria Ave, Vineland, ON, CA, L0R 2C0"
Aurora Moldovan,Rose Dental,"5026 King St, Beamsville, ON, CA, L0R 1B0"
Zulfar Moledina,Kanata Dental Centre,"700 Eagleson Rd, Kanata, ON, CA, K2M 1H4"
Zulfar Moledina,Dentistry@Petawawa,"3025 Petawawa Blvd #16, Petawawa, ON, CA, K8H 1X9"
Zulfar Moledina,Delta Dental Centre,"610 Pembroke St W, Pembroke, ON, CA, K8A 5P3"
Zulfar Moledina,Westport Dental Centre,"41 Main St, Westport, ON, CA, K0G 1X0"
Zulfar Moledina,Eastboro Dental,"3732 Innes Rd #1, Ottawa, ON, CA, K1W 0C8"
Fotini Molnar,Maplebrook Dental,"280 Main St N #300, Uxbridge, ON, CA, L9P 1X4"
Fotini Molnar,RiverEdge Dental,"24150A Woodbine Ave, Keswick, ON, CA, L4P 3E9"
Gervasio Molon,Gervasio Molon,N/A
Sharice Molko,No clinics found,N/A
Normita Molina,Smiles Dentistry,"1648 Bloor St W #1, Toronto, ON, CA, M6P 0A6"
Normita Molina,St. Clair West Dental Office,"550 St. Clair Ave W #203, Toronto, ON, CA, M6C 1A5"
Jeremy Molon,Molon Orthdontics,"405 Thorold Rd, Welland, ON, CA, L3C 3W4"
Stephen Molyneaux,Stephen Molyneaux,N/A
Jalil Momenbeitollahi,K2 Dental,"559 Stevens Crt #1, Newmarket, ON, CA, L3Y 6Z3"
Jalil Momenbeitollahi,Bayside Family Dental,"1520 9th Ave E, Owen Sound, ON, CA, N4K 3G1"
Jalil Momenbeitollahi,Altima Yonge Eglinton Dental Centre,"2300 Yonge St 2nd Floor, Toronto, ON, CA, M4P 1E4"
Jalil Momenbeitollahi,Altima Bayview Village Dental Centre,"2885 Bayview Avenue, #4, North York, ON, CA, M2K 0A3"
Shahrooz Momeni,Shahrooz Momeni,N/A
Irfan Momin,Leaside Village Dental,"85 Laird Dr #203, Toronto, ON, CA, M4G 3T7"
Isabel Monagas,Isabel Monagas,N/A
Mariela Monagas Cortez,Baywood Dental,"131 East Ave, Thunder Bay, ON, CA, P7A 8A4"
Mariela Monagas Cortez,Oasis Family Dental,"843 Red River #7, Thunder Bay, ON, CA, P7B 5K4"
Brian Monaghan,Little River Dental,"1211 Lauzon Rd, Windsor, ON, CA, N8S 3M9"
Steven Monardo,Bartley's Square Dental Office,"1 Bartley Bull Pkwy #1, Brampton, ON, CA, L6W 3T7"
Steven Monardo,Steven Monardo,"7777 Kipling Ave #201, Woodbridge, ON, CA, L4L 2Z3"
Stefano Monardo,Bartley's Square Dental Office,"1 Bartley Bull Pkwy #1, Brampton, ON, CA, L6W 3T7"
Victor Moncarz,Metropolitan Oral & Maxillofacial Surgery Centre,"143 Sheppard Ave E, Toronto, ON, CA, M2N 3A6"
Victor Moncarz,Metropolitan Oral & Maxillofacial Surgery Centre,"815 Danforth Ave #401, Toronto, ON, CA, M4J 1L2"
Andrew Moncarz,EndoAsleep,"20 York Mills Rd #202 Box 300, Toronto, ON, CA, M2P 2C2"
Andrew Moncarz,Mount Sinai Hospital,"600 University Ave #412, Dental Dept, Toronto, ON, CA, M5G 1X5"
Paul Monczka,No clinics found,N/A
Ronald Monczka,Ronald Monczka,N/A
Lawrence Monczka,Lawrence Monczka,N/A
Claude Monet,Claude Monet,N/A
Yasmin Monemdjou,Family Dental Centre,"44 Trent St S PO Box 610, Frankford, ON, CA, K0K 2C0"
Yasmin Monemdjou,Family Dental Centre,"1060 Burnham St #3, Cobourg, ON, CA, K9A 5V9"
Yasmin Monemdjou,Family Dental Centre,"110 North Front St #C006, Belleville, ON, CA, K8P 5J8"
Shawn Monga,Lynden Park Dental,"84 Lynden Rd #C1, Brantford, ON, CA, N3R 6B8"
Shawn Monga,Shawn Monga,"2425 Eglinton Ave E #1A, Scarborough, ON, CA, M1K 5G8"
Shawn Monga,PL Dental (Pharmacy Lawrence Dental),"1108 Pharmacy Ave #1, Scarborough, ON, CA, M1R 2H3"
Shawn Monga,Mantra Dental,"1780 Markham Rd, Scarborough, ON, CA, M1B 2W2"
Morvarid Monfaredzadeh,Morvarid Monfaredzadeh,N/A
Him Yeng Priscilla Mong,Him Yeng Priscilla Mong,N/A
Shiva Monga,Shiva Monga,"2425 Eglinton Ave E #1A, Scarborough, ON, CA, M1K 5G8"
Shiva Monga,Shiva Monga,"4188 Living Arts Dr #2, Mississauga, ON, CA, L5B 0H7"
Shiva Monga,PL Dental (Pharmacy Lawrence Dental),"1108 Pharmacy Ave #1, Scarborough, ON, CA, M1R 2H3"
Shiva Monga,Mantra Dental,"1780 Markham Rd, Scarborough, ON, CA, M1B 2W2"
Amit Mongia,Amit Mongia,N/A
Sonny Monheit,Sonny Monheit,N/A
- Monika,- Monika,N/A
Ronald Monica,Ronald Monica,N/A
Kenneth Montague,Word Of Mouth Dentistry,"800 Bathurst St #503, Toronto, ON, CA, M5R 3M8"
Carl Montcalm,Carl Montcalm,N/A
Judith Monteith,Judith Monteith,N/A
Richard Montcalm,Richard Montcalm,N/A
Edgardo Montes Zetino,Edgardo Montes Zetino,"381 Kent St #500, Ottawa, ON, CA, K2P 2A8"
Elizabeth Montero,Kenora Dental Professionals,"34 Matheson St S, 1st Flr, Kenora, ON, CA, P9N 1T6"
Irma Montes Hussey,Irma Montes Hussey,N/A
Paul Montgomery,Paul Montgomery,N/A
Jean-Marc Montpellier,Jean-Marc Montpellier,"1865 Paris St #C, Sudbury, ON, CA, P3E 3C5"
Alexandra Montian,Alexandra Montian,N/A
Filiberto Montis,Filiberto Montis,"10350 Yonge St #308, Richmond Hill, ON, CA, L4C 5K9"
James Montgomery,James Montgomery,N/A
Kevin Montpellier,Kevin Montpellier,N/A
Craig Mook Sang,Craig Mook Sang,N/A
Winston Mook-Sang,Winston Mook-Sang,N/A
Allan Moon,No clinics found,N/A
Matthew Mook Sang,Medfair Dental Centre,"1355 Bank St #211, Ottawa, ON, CA, K1H 8K7"
Bora Moon,Bora Moon,N/A
Jinwon Moon,Waterloo Park Dental,"50 Westmount Rd N #C3-B, Waterloo, ON, CA, N2L 6N9"
Jinwon Moon,Southwood Dental Studio,"3010 Colonel Talbot Rd #3, London, ON, CA, N6P 0B3"
Jungbin Moon,Summerllyn Dental Care,"459 Holland St W Bdg F #1, Bradford, ON, CA, L3Z 0C1"
Jungbin Moon,Brampton Tridont Dental Centre,"499 Main St S #60E, Brampton, ON, CA, L6Y 1N7"
Jungbin Moon,Glen Village Family Dental,"2924 Dufferin St, Toronto, ON, CA, M6B 3S8"
Jungbin Moon,Jungbin Moon,"685 Kennedy Rd #3, Scarborough, ON, CA, M1K 2B8"
Jungbin Moon,Jungbin Moon,"23 Conservation Dr #4, Brampton, ON, CA, L6Z 4R3"
Brent Moore,Brent Moore,N/A
Ilmin Moon,Bathurst College Dentistry,"474 College St #103, Toronto, ON, CA, M6G 1A4"
Catherine Moore,The Manor Dental Centre,"153 High St PO Box 850, Sutton West, ON, CA, L0E 1R0"
Catherine Moore,Pefferlaw Dental Centre,"1 Hastings Rd PO Box 279, Pefferlaw, ON, CA, L0E 1N0"
Daniel Moore,Daniel Moore,N/A
Christopher Moore,Christopher Moore,"304 Park St N, Peterborough, ON, CA, K9J 3W5"
Donald Moore,Donald Moore,N/A
Edward Moore,Edward Moore,N/A
Christine Moore,Da Vinci Dental Centre,"827 Sherbrooke St, Peterborough, ON, CA, K9J 2R2"
Christine Moore,Christine Moore,"360 Mary St W, Lindsay, ON, CA, K9V 0K9"
Christine Moore,Christine Moore,"824 Clonsilla Ave, Peterborough, ON, CA, K9J 5Y3"
John Moore,Emery Village Dental,"39 Abraham Welsh Rd #C4, Toronto, ON, CA, M9M 0G6"
John Moore,Dentistry at Alton Towers,"240 Alton Towers Circ #201, Scarborough, ON, CA, M1V 4P3"
Jillian Moore,Jillian Moore,N/A
Keith Ford Moore,Newmarket Oral and Maxillofacial Surgery,"665 Davis Dr c/o Newmarket Oral Surgery - Main Floor, Newmarket, ON, CA, L3Y 2R2"
Kathryn Moore,2032 Dentistry,"201A George St N, Peterborough, ON, CA, K9J 3G7"
Ellie Moore,Toronto Lakeshore Dental,"3560 Lakeshore Blvd W #2, Toronto, ON, CA, M8W 1N6"
Ellie Moore,Park Place Dental,"120 Concert Way #2, Barrie, ON, CA, L4N 6N5"
Ellie Moore,Ellie Moore,"172 Kingsview Dr, Woodbridge, ON, CA, L4H 2Z3"
William Moore,William Moore,N/A
Chaim Mor,Chaim Mor,N/A
Anita Moosani,Kidsdent,"1436 Royal York Rd #202, Weston, ON, CA, M9P 3A9"
Anita Moosani,Mount Sinai Hospital,"600 University Ave #412, Dental Dept, Toronto, ON, CA, M5G 1X5"
Anita Moosani,Holland Bloorview Kids Rehabilitation Hospital,"150 Kilgour Rd 2E-295, Toronto, ON, CA, M4G 1R8"
Michael Moore,Centretown Dental,"239 Argyle Ave, Ottawa, ON, CA, K2P 1B8"
Maral Moosavi,Maral Dental Clinic,"820 Markham Rd #6, Scarborough, ON, CA, M1H 2Y2"
Eman Moradi,Eman Moradi,N/A
Roderick Moran,Roderick Moran,N/A
Maria Morales Rollinson,Rosedale Family Dental Centre,"531 Atkinson Ave #15/16, Thornhill, ON, CA, L4J 8L7"
Maria Morales Rollinson,"University of Toronto, Fac of Dent","124 Edward St, Toronto, ON, CA, M5G 1G6"
Maria Morales Rollinson,Northern Dental Care,"432 Great Northern Rd #101, Sault Ste. Marie, ON, CA, P6B 4Z9"
Angela Morales,St. Andrew's Dental Centre,"2 Orchard Heights Blvd #33, Aurora, ON, CA, L4G 3W3"
Jean-Paul Morand,Jean-Paul Morand,"579 Grand Ave E, Chatham, ON, CA, N7L 3Z2"
Jean-Paul Morand,Northside Dental Office,"467 St. Clair St, Chatham, ON, CA, N7L 3K6"
Richard Moreau,Richard Moreau,N/A
Gilbert Morandi,Gilbert Morandi,N/A
Glenn Morawetz,Glenn Morawetz,"627 Lyons Ln #103, Oakville, ON, CA, L6J 5Z7"
Glenn Morawetz,Dentistry on Pape,"987 Pape Ave, Toronto, ON, CA, M4K 3V6"
Iris Moreira,Iris Dentistry,"564 Weber St N #8, Waterloo, ON, CA, N2L 5C6"
Iris Moreira,Orion Dental,"1225 Maple Ave #100, Milton, ON, CA, L9T 0A5"
Maurice Moreau,Maurice Moreau,N/A
Amanda Morel,H.E.R.E Dental Centre,"4800 Leslie St #414, North York, ON, CA, M2J 2K9"
Amanda Morel,Urban Dental Clinic,"3000 Lawrence Ave E #201 Bldg A, Scarborough, ON, CA, M1P 2V1"
Donald Morgan,Donald Morgan,N/A
Jorge Moreno,Boca Dental Specialists Group,"250 Commissioners Rd W, London, ON, CA, N6J 1Y3"
Jorge Moreno,Village Walk Family Dental,"200 Village Walk Blvd #100, London, ON, CA, N6G 0W8"
Jorge Moreno,Just Endodontics,"170 Courthouse Square 2nd floor, Goderich, ON, CA, N7A 1N1"
Amanda Morellato,Amanda Morellato,N/A
Charles Morgan,Charles Morgan,N/A
John Morgan,John Morgan,N/A
Marina Morgan,Square One Dental Centre,"100 City Centre Dr Square One Mall c/o Walmart, Mississauga, ON, CA, L5B 2G6"
Marina Morgan,Jackson Square Dental Centre,"2 King St W #604 Plaza Level, Hamilton, ON, CA, L8P 1A1"
Paul Morgan,Paul Morgan,N/A
Rodd Morgan,Rodd Morgan,N/A
Marion Morgan,Marion Morgan,N/A
Donald Morgenroth,Donald Morgenroth,N/A
Peter Morin,Peter Morin,N/A
Ronald Morin,Ronald Morin,N/A
Robert Morin,Robert Morin,"17 Pearl St, St. Thomas, ON, CA, N5P 2P1"
Remi Morin,Blackburn Dental,"2514 Innes Rd, Gloucester, ON, CA, K1B 3J9"
Remi Morin,Remi Morin,"72 Prince Ave W #A, Renfrew, ON, CA, K7V 4G1"
Catherine Morin-Houde,Catherine Morin-Houde,N/A
Peter Morkis,Peter Morkis,N/A
Craig Morison,Clergy Dental Clinic,"135 Clergy St E, Kingston, ON, CA, K7K 3S2"
Keith Morley,Dentistry for Children & Adolescents,"300 Lakeshore Dr #200, Barrie, ON, CA, L4N 0B4"
Keith Morley,Royal Victoria Regional Health Centre,"201 Georgian Dr, Barrie, ON, CA, L4M 6M2"
Ginette Morneau,Ginette Morneau,N/A
Andrea Morong,Andrea Morong,N/A
James Morreale,James Morreale,N/A
Christopher Morris,Credit Ridge Dental Care,"9456 Mississauga Rd #9, Brampton, ON, CA, L6X 0Z8"
Christopher Morris,Fletchers Meadow Dental Care,"17 Worthington Ave #6, Brampton, ON, CA, L7A 2Y7"
Christopher Morris,Hawthorne Village Dental Care,"10220 Derry Rd #206, Milton, ON, CA, L9T 7J3"
Christopher Morris,Brisdale Family Dentistry,"5 Brisdale Dr #101 & #102, Brampton, ON, CA, L7A 0S9"
Christopher Morris,Mount Pleasant Dental Care,"10635 Creditview Rd, Brampton, ON, CA, L5N 8G1"
Artem Morozov,Dental Care Kingston Downtown,"110 Princess St, Kingston, ON, CA, K7L 1A7"
Artem Morozov,Artem Morozov,"1260 Carmil Blvd, Kingston, ON, CA, K7M 5Z3"
David Morris,Morris Dental Group,"204 6th Ave PO Box 4291 Stn Main, Lively, ON, CA, P3Y 1N3"
George Morris,George Morris,N/A
Gordon Morris,Gordon Morris,N/A
Mlada Morris,Mlada Morris,N/A
Lesley-Anne Morris,Cumberland Park Dental,"77 Bloor St W #1202, Toronto, ON, CA, M5S 1M2"
John Morris,John Morris,N/A
Karen Morris,Karen Morris,N/A
Richard Morris,Morris Dental Group,"204 6th Ave PO Box 4291 Stn Main, Lively, ON, CA, P3Y 1N3"
Robert Morris,Robert Morris,N/A
Scott Morris,Scott Morris,N/A
Allan Morrison,Allan Morrison,N/A
Matthew Morrison,Oxford Oral & Maxillofacial Surgery Centre,"978 Oxford St E, London, ON, CA, N5Y 3K2"
Stephen Morrison,No clinics found,N/A
Danny Morrow,Danny Morrow,N/A
Charles Morrow,Charles Morrow,N/A
David Morrow,York Mills Orthodontics,"300 York Mills Rd #202, Toronto, ON, CA, M2L 2Y5"
Michele Morrow,Michele Morrow,N/A
Marlene Morrow,Avenue Dental Office,"1916 Avenue Rd, Toronto, ON, CA, M5M 4A1"
Ricky Morse,Ricky Morse,N/A
Ali Morshedi,Ali Morshedi,N/A
Fatemeh Mortazavi Alavi,No clinics found,N/A
Neal Mortensen,Keep 28 Dental,"17035 Yonge St 2nd floor, Newmarket, ON, CA, L3Y 5Y1"
Sara Mortezania,Riverdale Dental,"1000 Gerrard St E #D3, Toronto, ON, CA, M4M 3G6"
Sara Mortezania,Waterdown Smiles Dentistry,"255 Dundas St E # 17, Waterdown, ON, CA, L8B 0E5"
Sara Mortezania,Rexdale Dental Office,"200 Queens Plate Dr #5, Etobicoke, ON, CA, M9W 6Y9"
Sara Mortezania,Sara Mortezania,"73 Wilson St W Suite #20, Ancaster, ON, CA, L9G 1N1"
Sara Mortezania,Milton Dental Hub,"103-420 Bronte St S, Milton, ON, CA, L9T 0H9"
Sara Mortezania,Golf Links Dental,"1015 Golf Links Rd #401B, Ancaster, ON, CA, L9K 1L6"
Sara Mortezania,16 Mile Dental,"165 Cross Ave #101, Oakville, ON, CA, L6J 0A9"
Eric Moryoussef,Riverside Dental Centre,"223 Jarvis St, Fort Erie, ON, CA, L2A 2S7"
Ibbit Mosaheb,Ibbit Mosaheb,N/A
Kayvan Mosayebi Ghane,Wilson East Dental Care,"57 Wilson St E, Ancaster, ON, CA, L9G 2B3"
Kayvan Mosayebi Ghane,Brantford Dental Care,"175-181 Lynden Rd, Brantford, ON, CA, N3R 8A7"
John Mosco,John Mosco,N/A
Paul Moscoe,Paul Moscoe,N/A
Mario Moscone,Mario Moscone,"561 Murphy Rd, Sarnia, ON, CA, N7S 5B6"
Wallace Moseley,Wallace Moseley,N/A
Nikki Moshiri,Roseland Family Dental,"3865 Dougall Ave, Windsor, ON, CA, N9G 1X3"
Kim Moser,Canadian Forces Base - Kingston,"1 Dental Unit Detachment Vimy PO, Kingston, ON, CA, K7K 7B4"
Sina Moshiri,No clinics found,N/A
Henry Moser,Henry Moser,N/A
Madina Mosidze,Yonge and Sixteen Dental Office,"9471 Yonge St #107, Richmond Hill, ON, CA, L4C 0Z5"
Madina Mosidze,Chroma Dental,"595 Sheppard Ave E #206/207/208, North York, ON, CA, M2K 0G3"
Tarah Mosleh,Harbour Dental,"165 Ontario St #1, Kingston, ON, CA, K7L 2Y6"
Tarah Mosleh,Unknow Practice Name,"945 Gardiners Rd #2, Kingston, ON, CA, K7M 7H4"
Alexander Moss,Alexander Moss,N/A
Seymour Moskovitz,Dentistry For You,"4000 Highway 7, Unit 3, Woodbridge, ON, CA, L4L 1A6"
Alexander Moskovitz,Maplewoods Dental Care,"9960 Dufferin St #3, Maple, ON, CA, L6A 4K5"
Alexander Moskovitz,Alexander Moskovitz,"547 Cundles Rd E #4, Barrie, ON, CA, L4M 0J7"
Robert Moskal,Robert Moskal,N/A
Bruce Moss,Tall Pines Dental Centre,"10 Pioneer Dr #201, Kitchener, ON, CA, N2P 2A4"
Neri Moss,Neri Moss,N/A
Stephen Moss,Stephen Moss,"40 Peel Centre Dr #212, Brampton, ON, CA, L6T 4B4"
Stephen Moss,Dentistry on Derry,"6986 Financial Dr #4, Mississauga, ON, CA, L5N 8J4"
Neil Moss,Neil Moss,"8 King St E #1310, Toronto Central, ON, CA, M5C 1B5"
Zainab Mossa,Zainab Mossa,N/A
David Mossop,David Mossop,N/A
Ehsan Mostadam,Ehsan Mostadam,N/A
James Mossop,James Mossop,N/A
Stanley Mossop,Stanley Mossop,N/A
Diane Mossanen,Diane Mossanen,N/A
Dina Mostafa,Dove Dental Centre,"59 Thames St S, Ingersoll, ON, CA, N5C 2S8"
Dina Mostafa,Smiles on Southdale,"639 Southdale Rd E, London, ON, CA, N6E 3M2"
Douaa Mostafa,Ontario Street Dental,"2 Ontario St #7, Marathon, ON, CA, P0T 2E0"
Ghazaleh Mostafaie,Keele Dental Care,"12988 Keele St, King City, ON, CA, L7B 1H8"
Hassan Mostafa,Aria Dental Centre,"640 Hyde Park Rd #3, London, ON, CA, N6H 3S1"
Bahram Mostaghaci,Marchwood Dental,"1054 Halton Terrace, Kanata, ON, CA, K2K 0G9"
Azadeh Mostajer Haqiqi,Southwood Dental Centre – Fanshawe,"1215 Fanshawe Park Rd W, London, ON, CA, N6G 5B4"
Elvira Mostyn,North-Med Dental,"7131 Bathurst St #302, Thornhill, ON, CA, L4J 7Z1"
Elvira Mostyn,Thornhill Dental,"1200 Centre St #101, Thornhill, ON, CA, L4J 3M9"
Ramona Motakef,Ramona Motakef,"80 George St #1, Newmarket, ON, CA, L3Y 4V3"
Thomas Mostyn,Woodstream Dental,"25 Woodstream Blvd #5, Woodbridge, ON, CA, L4L 7Y8"
Malina Motoc,Malina Motoc,N/A
Pouriya Motahari,Archer Dental Baby Point,"387 Jane St, Toronto, ON, CA, M6S 3Z3"
Eugenie Motoi,Eugenie Motoi,N/A
Kenneth Motomura,Kenneth Motomura,"350 Conestoga Blvd #B-4A, Cambridge, ON, CA, N1R 7L7"
Kelsey Motomura,Kelsey Motomura,"350 Conestoga Blvd #B-4A, Cambridge, ON, CA, N1R 7L7"
Kelsey Motomura,Kelsey Motomura,"1058 Queen's Blvd, Kitchener, ON, CA, N2M 1C2"
Katayoun Mottaghi,2000 Yonge Dental,"2000 Yonge St #1, Toronto, ON, CA, M4S 1Z7"
Katayoun Mottaghi,Village Dental,"4931 Dundas St W, Etobicoke, ON, CA, M9A 1A4"
William Motruk,William Motruk,"633 Norris Crt #3, Kingston, ON, CA, K7P 2R9"
William Motruk,Canal City Dental,"136 East Main St, Welland, ON, CA, L3B 3W6"
Sean Motwani,Dentistry in the Beach,"330 Kingston Rd, Toronto, ON, CA, M4L 1T7"
Aziz Moukled,Essex Family Dental,"186 Talbot Street S #102, Essex, ON, CA, N8M 1B6"
Aziz Moukled,Windsor Oral Surgery,"2224 Walker Rd #60, Windsor, ON, CA, N8W 5L7"
Aziz Moukled,Tecumseh Family Dental,"E2-1614 Lesperance Rd, Tecumseh, ON, CA, N8N 1Y3"
Edwin Mound,Edwin Mound,N/A
Michel Mounir,Michel Mounir,N/A
Bushra Mousa,Rosegate Dental Centre,"216 Oakpark Blvd #4&5, Oakville, ON, CA, L6H 7S8"
Bushra Mousa,Sunny Shores Dental,"714 Lakeshore Rd E #5, Mississauga, ON, CA, L5G 1J6"
Leena Mourad,Everest Dental,"645 Laurelwood Dr #B, Waterloo, ON, CA, N2V 2S9"
Hamidreza Mousavi,Bracebridge Dental Care,"29 Ann St #3, Bracebridge, ON, CA, P1L 2B8"
Hamidreza Mousavi,Muskoka Dental,"180 Manitoba St, Bracebridge, ON, CA, P1L 2E2"
Seyed Mousavi,Seyed Mousavi,N/A
Oscar Mousavi,MacKenzie Smiles Dentistry,"103-250 Harding Blvd W, Richmond Hill, ON, CA, L4C 9M7"
Oscar Mousavi,Toronto Street Dental Center,"29 Toronto St #201, Uxbridge, ON, CA, L9P 1V9"
Amir Mousavifar,Crescent Oral Surgery,"1940 Eglinton Ave E #500, Toronto, ON, CA, M1L 4R1"
Amir Mousavifar,Crescent Oral Surgery,"9350 Yonge St #206, Richmond Hill, ON, CA, L4C 5G2"
Amir Mousavifar,Crescent Oral Surgery,"236 Wellington St E #200, Aurora, ON, CA, L4G 1J5"
Seyedeh Anahita Mousavi Pourmahram,Summer Breeze Dental,"6464 Yonge St #216, Toronto, ON, CA, M2M 3X4"
Seyedeh Anahita Mousavi Pourmahram,Ari Dental,"451 King St. W #104, Toronto, ON, CA, M5V 1K4"
Seyedeh Anahita Mousavi Pourmahram,ORA Dental Studio,"2085 Lawrence Ave E #6, Scarborough, ON, CA, M1R 2Z4"
Boulos Moussa,Metro East Dental Centre,"7010 Warden Ave #19, Markham, ON, CA, L3R 5Y3"
Boulos Moussa,Bradford North Dental Centre,"305 Barrie St #4A P.O. Box 1286, Bradford, ON, CA, L3Z 2B3"
Magdi Moussa,Magdi Moussa,N/A
Ekram Moustafa,Altima Parkedale Dental Centre,"1981 Parkdale Ave Unit A, Brockville, ON, CA, K6V 0B4"
Ekram Moustafa,Altima Morrisburg Dental Centre,"127 Main St East End Promenade, PO Box 637, Morrisburg, ON, CA, K0C 1X0"
Houssam Moustapha,Houssam Moustapha,N/A
Sara Moustafa,Sara Moustafa,N/A
Rami Mouzayek Kouz,Rami Mouzayek Kouz,N/A
Ilnaz Movaffaghi,Mississauga Dental Arts,"350 Burnhamthorpe Rd E #2, Mississauga, ON, CA, L5A 3S5"
Zahra Movahedzadeh,Centrepointe Dental Centre,"117 Centrepointe Dr #102, Nepean, ON, CA, K2G 5X3"
Alexandre Movshovich,Alexandre Movshovich,"5927 Bathurst St #203, Willowdale, ON, CA, M2R 3T5"
Oana Movila,Smile in Style Inc,"705 Kingston Rd #13, Pickering, ON, CA, L1V 6K3"
Oana Movila,Dawnshard Dental,"20 Wynford Dr #101, Toronto North, ON, CA, M3C 1J4"
Mark Movshovich,Mark Movshovich,"5927 Bathurst St #203, Willowdale, ON, CA, M2R 3T5"
Geoff Mowatt,Geoff Mowatt,N/A
Mary Mowbray,Mary Mowbray,N/A
Maryam Mozayeni,Willowdale Dental Group,"12 Finch Ave W, North York, ON, CA, M2N 6L1"
Maryam Mozayeni,Downtown Dental Associates,"181 University Ave Box 30, Toronto, ON, CA, M5H 3M7"
Jayde Moxey-Hepburn,Centreville Dental Centre,"20 Main St N #8 PO Box 280, Waterdown, ON, CA, L0R 2H0"
Robert Mowbray,Robert Mowbray,N/A
Behrooz Mozaffari,Hilltop Dentistry,"1535 16th St E, Owen Sound, ON, CA, N4K 5N3"
Behrooz Mozaffari,Behrooz Mozaffari,"377 Burnhamthorpe Rd E #38, Mississauga, ON, CA, L5A 3Y1"
Behrooz Mozaffari,Stonebridge Dentistry,"1 Market Lane #9, Wasaga Beach, ON, CA, L9Z 0B6"
Behrooz Mozaffari,Dentistry @ Cooksville,"47 Dundas St W, Mississauga, ON, CA, L5B 1H2"
Isha Moza,Horizons Dental Care,"2255 Carling Ave #203, Ottawa, ON, CA, K2B 7Z5"
Sharl Mozeg,Solar Dental Care,"655 Fairway Rd S #B2, Kitchener, ON, CA, N2C 1X4"
Sharl Mozeg,H.E.R.E Dental Centre,"4800 Leslie St #414, North York, ON, CA, M2J 2K9"
George Mraz,George Mraz,N/A
Janah Muan,Terry Fox Way Dental,"5390 Terry Fox Way #5, Mississauga, ON, CA, L5V 0A5"
Janah Muan,Dr. William Rodriguez & Associates,"350 Burnhamthorpe Rd W #125, Mississauga, ON, CA, L5B 3J1"
Janah Muan,Janah Muan,"5121 Dundas St W, Toronto, ON, CA, M9A 1C1"
Lin Mu,Yonge Weldrick Dental Centre,"9625 Yonge St #4, Richmond Hill, ON, CA, L4C 5T2"
Muharem Mrkaljevic,Shoreline Family Dentistry,"25 Amy Croft Dr #24A, Lakeshore, ON, CA, N9K 1C7"
Hira Mubashir,Hira Mubashir,"1080 Brock Rd #2, Pickering, ON, CA, L1W 3H3"
Hira Mubashir,7 Days Dental,"4997 Hwy #7 E #6, Markham, ON, CA, L3R 1N1"
Hira Mubashir,DZ Dental,"112 Athol St #200, Whitby, ON, CA, L1N 3Y9"
Thadee Muboyayi,Innes Dental Clinic,"4275 Innes Rd #112, Orleans, ON, CA, K1C 1T1"
Nicoletta Mucciarella,Nicoletta Mucciarella,N/A
Pavanee Mudalige,Pavanee Mudalige,N/A
Aakash Mudaliar,Aakash Mudaliar,N/A
Troy Muench,Troy Muench,N/A
Maryam Muhammad Ali,KC Dental,"280 Rossland Rd E #3, Ajax, ON, CA, L1T 4V2"
Sidney Mugford,Sidney Mugford,N/A
Denis Muhlstein,Denis Muhlstein,N/A
Al-Hareth Muhsen,Monarch Dentistry,"989 Fennell Ave E #23, Hamilton, ON, CA, L8T 1R1"
Al-Hareth Muhsen,Smile Dental Centre,"285 Bunting Rd #9, St. Catharines, ON, CA, L2M 7T9"
Al-Hareth Muhsen,Redwood Dental,"2833 Redwood Ave E, Thunder Bay, ON, CA, P7C 1Z1"
Al-Hareth Muhsen,Belle Smile Dentistry,"26 & 27-595 Carlton St, St Catharines, ON, CA, L2M 4Y2"
Al-Hareth Muhsen,Westdale Dentistry,"875 Main St W #5, Hamilton, ON, CA, L8S 4P9"
Bennett Mui,Bennett Mui,"34 Main St N, Markham, ON, CA, L3P 1X5"
Bennett Mui,Bennett Mui,"6242 Main St, Stouffville, ON, CA, L4A 1E2"
Richard Muirhead,Richard Muirhead,N/A
Anuradha Mukerji,Coxwell Dental Health Centre,"721 Coxwell Ave, Toronto, ON, CA, M4C 3C3"
Anuradha Mukerji,Dentistry on Jamieson,"295 Jamieson Pkwy #4, Cambridge, ON, CA, N3C 3X1"
Kenneth Mui,Rouge River Oral Surgery,"6758 Kingston Rd #5, Scarborough, ON, CA, M1B 1G8"
Kenneth Mui,Lakeridge Oral Surgery,"214 Colborne St W, Whitby, ON, CA, L1N 1X2"
Kenneth Mui,ClinicOMS - Vaughan,"8787 Weston Rd #1,2,3 and 4, Woodbridge, ON, CA, L4L 0C3"
Kenneth Mui,Starview Dental,"385 Silver Star Blvd #103, Toronto, ON, CA, M1V 0E3"
Matthew Muisiner,No clinics found,N/A
Saujanya Mukherjee,Saujanya Mukherjee,N/A
John Mullett,John Mullett,N/A
Kristjan Mullerbeck,Kristjan Mullerbeck,N/A
Donald Mulcahy,Donald Mulcahy,N/A
Eric Mullins,Eric Mullins,"650 South Pelham Rd, Welland, ON, CA, L3C 3C8"
Ray Mulrooney,Ray Mulrooney,N/A
Glen Mumford,Glen Mumford,N/A
Joseph Multari,Windsor Oral Surgery,"2224 Walker Rd #60, Windsor, ON, CA, N8W 5L7"
Janice Mummery,Princeview Dental Group,"3052 Bloor St W, Etobicoke, ON, CA, M8X 1C4"
Yuliya Mulyar,No clinics found,N/A
Habiba Mumtaz,Habiba Mumtaz,N/A
Yohan Mun,North Woodbridge Dental,"10375 Weston Rd #1C, Woodbridge, ON, CA, L4H 3T4"
Simran Mundi,Dr. Sandhu Bovard/Chingcousy Dental Centre,"811 Bovaird Dr W #17 Bldg #17, Brampton, ON, CA, L6X 0T9"
Simran Mundi,North East View Family Dental Practice,"322 Eastview Rd #B5, Guelph, ON, CA, N1E 0L2"
Simran Mundi,Simran Mundi,"2 Dewside Dr #30, Brampton, ON, CA, L6R 3Y5"
Simran Mundi,Sunny Meadow Springdale Dental Centre,"2260 Bovaird Dr E #119/120, Brampton, ON, CA, L6R 3J5"
Simran Mundi,Gore/Ebnezer Family Dentistry,"4550 Ebenezer Rd # 2-3, Brampton, ON, CA, L6P 2R2"
Simran Mundi,Dr. Sandhu Charolais Dental Centre,"510 Charolais Blvd #4, Brampton, ON, CA, L6Y 0R5"
Robert Munce,Robert Munce,"3155 Harvester Rd #405, Burlington, ON, CA, L7N 3V2"
Kamaljeet Mundi,Sunny Meadow Springdale Dental Centre,"2260 Bovaird Dr E #119/120, Brampton, ON, CA, L6R 3J5"
Kamaljeet Mundi,Kamaljeet Mundi,"12570 Kennedy Rd #10, Caledon, ON, CA, L7C 4C4"
Kamaljeet Mundi,Kamaljeet Mundi,"4450 Ebenezer Rd #2, Brampton, ON, CA, L6P 1H4"
Kamaljeet Mundi,Kamaljeet Mundi,"4 Dewside Dr, Brampton, ON, CA, L6R 0X5"
Kamaljeet Mundi,Dr. Sandhu Charolais Dental Centre,"510 Charolais Blvd #4, Brampton, ON, CA, L6Y 0R5"
Kamaljeet Mundi,Dr. Sandhu Bovard/Chingcousy Dental Centre,"811 Bovaird Dr W #17 Bldg #17, Brampton, ON, CA, L6X 0T9"
Jasbir Mundi,Red Maple Dental,"104-6475 Mayfield Rd, Brampton, ON, CA, L6P 4N2"
Jasbir Mundi,Jasbir Mundi,"275 Gardenbrooke Trail #108, Brampton, ON, CA, L6P 4M6"
Jasbir Mundi,Dentistry on Duncan Mill,"240 Duncan Mill Rd #300, North York, ON, CA, M3B 3S6"
Surbhi Munjal,Surbhi Munjal,N/A
Ajay Munjal,Munjal Carere Dental,"450 Erb St W, Waterloo, ON, CA, N2T 1H4"
Alweena Munjal,Munjal Carere Dental,"450 Erb St W, Waterloo, ON, CA, N2T 1H4"
Alweena Munjal,Arthur Street Dental Office,"77 Arthur St S, Elmira, ON, CA, N3B 2M8"
Virginia Munoz,Virginia Munoz,N/A
Michelle Mundy,Market Square Dental,"170 Courthouse Square #100, Goderich, ON, CA, N7A 1N1"
Michelle Mundy,Michelle Mundy,"21 Main St E PO Box 308, Zurich, ON, CA, N0M 2T0"
Donald Munro,Donald Munro,N/A
Charles Munro,Charles Munro,N/A
William F.P. Munro,William F.P. Munro,N/A
Kenneth Munro,Kenneth Munro,N/A
James Munro,Parkview Dental,"15 Pembroke St W, Pembroke, ON, CA, K8A 5M4"
Charles Munroe,Charles Munroe,N/A
Campbell Munroe,Campbell Munroe,N/A
Farrukh Munshey,Farrukh Munshey,N/A
Huntley Munroe,Huntley Munroe,N/A
Robert D Munroe,Robert D Munroe,N/A
Shannon Munsie,No clinics found,N/A
Corina Muntean,North York Family Dental,"4789 Yonge St #320, Toronto, ON, CA, M2N 0G3"
Daniel Munteanu,Parkway Place Dental,"255 Consumers Rd #210, Toronto, ON, CA, M2J 1R4"
Monica Muntwyler,Monica Muntwyler,"2605 Skymark Ave #101, Mississauga, ON, CA, L4W 4L5"
Elizabeth Munteanu,Elizabeth Munteanu,"4430 Bathurst St #201, Toronto, ON, CA, M3H 3S3"
Mark Munzar,Fairview Dental,"3300 Fairview St, Burlington, ON, CA, L7N 3N7"
Trevor Muntwyler,Trevor Muntwyler,"2605 Skymark Ave #101, Mississauga, ON, CA, L4W 4L5"
Hussam-Eldeen Murad,Expressions Dental Centre,"109 Fanshawe Park Rd E #6, London, ON, CA, N5X 3W1"
Hussam-Eldeen Murad,Horizon Dental Care,"275 Wharncliffe Rd N #D102, London, ON, CA, N6H 2C1"
Hussam-Eldeen Murad,Grand Bend Family Dental,"29 Gill Rd, Box 929 Medical Centre, Grand Bend, ON, CA, N0M 1T0"
Maria Murad,Hifive Kids Dental and Braces,"2460 Brock Rd #CO-203, Pickering, ON, CA, L1X 0J1"
Maria Murad,Children's Dentistry,"1444 Adelaide St N, London, ON, CA, N5X 1J9"
Maria Murad,Maria Murad,"2460/2470 Brock St #202, Pickering, ON, CA, L1V 2P8"
Morry Murad,Morry Murad,"1436 Royal York Rd #309, Weston, ON, CA, M9P 3A9"
Sheri Muradali,Sheri Muradali,N/A
Suela Murataj,The Smile Doctors General and Family Dentistry,"2140 Baseline Rd, Ottawa, ON, CA, K2C 3V9"
Suela Murataj,Highbury Park Dental,"1055 Greenbank Rd #5, Nepean, ON, CA, K2J 1V8"
Suela Murataj,Parliament Hill Dental,"234 Laurier Ave W Main Floor, Ottawa, ON, CA, K1P 6K6"
Yuliya Muratova,Eltek Dental Centre,"10737 Yonge St #19, Richmond Hill, ON, CA, L4C 9M9"
Angus Murchison,Angus Murchison,N/A
Kindja Muray,Dental Clinic Wabano Centre for Aboriginal Health,"299 Montreal Rd, Ottawa, ON, CA, K1L 6B8"
Kindja Muray,Ottawa Public Health,"2525 St Laurent Blvd #201, Ottawa, ON, CA, K1H 8P5"
Deane Murdy,Deane Murdy,"348 Muskoka Rd #3 #207 Huntsville Professional Bldg, Huntsville, ON, CA, P1H 1H8"
Christiana Muresanu,Christiana Muresanu,N/A
Milena Murgas,Milena Murgas,N/A
Deane Murdy,Deane Murdy,N/A
Stefan Murgelas,Dr. Stefan Murgelas Family Dentistry,"10 Trowbridge St E #3, Meaford, ON, CA, N4L 1G1"
Stefan Murgelas,Owen Sound Family Dentistry,"1545 16th St E #1, Owen Sound, ON, CA, N4K 5N3"
Maurice Murphy,Maurice Murphy,N/A
Donald Murley,Donald Murley,N/A
Michael Murphy,Michael Murphy,N/A
Fredrick Muroff,Fredrick Muroff,N/A
Matthew Murphy,Matthew Murphy,N/A
Ryan Murphy,Ryan Murphy,N/A
Trent Murphy,Northland Dental Centre,"1295 Highbury Ave N #C4, London, ON, CA, N5Y 5L3"
Issam Murr,Issam Murr,N/A
Robert Murphy,Robert Murphy,N/A
William Murphy,William Murphy,N/A
Carmen Murray,Carmen Murray,"267 Four Mile Creek Rd, St. Davids, ON, CA, L0S 1P0"
Allan Murray,Allan Murray,"2148 Carling Ave #203, Ottawa, ON, CA, K2A 1H1"
Grant Murray,Grant Murray,"372 Taunton Rd E #L-06, Whitby, ON, CA, L1R 0H4"
Grant Murray,Newmarket Dentistry for Children,"181 Green Lane E #K-2A, East Gwillimbury, ON, CA, L9N 0C9"
Grant Murray,Stouffville Dentistry for Children,"37 Sandiford Dr #110, Stouffville, ON, CA, L4A 3Z2"
John Murray,John Murray,N/A
Hayden Murray,Hayden Murray,"212 Queen St E #403, Sault Ste. Marie, ON, CA, P6A 5X8"
Stephen Murray,Stephen Murray,N/A
Susan Murray,Bay Street Dental Associates,"1235 Bay St #200, Toronto, ON, CA, M5R 3K4"
Elbert Murrell,VILLAGE ORTHOdontics,"4288 Village Centre Crt, Mississauga, ON, CA, L4Z 1S2"
Elbert Murrell,VILLAGE ORTHOdontics,"5100 Erin Mills Pkwy PO Box 201, Mississauga, ON, CA, L5M 4Z5"
Elbert Murrell,Elbert Murrell,"40 Peel Centre Dr #109, Brampton, ON, CA, L6T 4B4"
Elbert Murrell,Elbert Murrell,"2983 Westoak Trails Blvd #2, Oakville, ON, CA, L6M 5E4"
Elbert Murrell,VILLAGE ORTHOdontics,"118 Cumberland St, Toronto, ON, CA, M5R 1A6"
Elbert Murrell,Elbert Murrell,"3950 Portage Rd, Niagara Falls, ON, CA, L2J 2K9"
Elbert Murrell,Elbert Murrell,"304 Stone Rd W #8, Guelph, ON, CA, N1G 3C4"
Zachary Mursic,Durham Prosthodontics,"109 Centre St S, Whitby, ON, CA, L1N 4V6"
Zachary Mursic,Zachary Mursic,"11 Charles St, Cobourg, ON, CA, K9A 2T4"
Jacob Mursic,Jacob Mursic,"11 Charles St, Cobourg, ON, CA, K9A 2T4"
Irrtisam Murtaza,Mountain Dental Arts,"410 Concession St, Hamilton, ON, CA, L9A 1B9"
Kowthemi Murugapoopathy,Clanton Park Dental,"310 Wilson Ave, North York, ON, CA, M3H 1S8"
Kowthemi Murugapoopathy,Dr. K. Kirupakaran and Associates,"225 Wellesley St E Unit 6, Toronto, ON, CA, M4X 1X8"
Kowthemi Murugapoopathy,Golden Care Dental,"2171 Avenue Rd #205, Toronto, ON, CA, M5M 4B4"
Kowthemi Murugapoopathy,Kowthemi Murugapoopathy,"3351 Markham Rd #119, Toronto, ON, CA, M1X 0A6"
Visaki Murugapoopathy,Clanton Park Dental,"310 Wilson Ave, North York, ON, CA, M3H 1S8"
Visaki Murugapoopathy,Golden Care Dental,"2171 Avenue Rd #205, Toronto, ON, CA, M5M 4B4"
Visaki Murugapoopathy,West Mississauga Dental,"3160 Argentia Rd #4, Mississauga, ON, CA, L5N 0B1"
Mathivany Murugesapillai,M M Dental,"3480 Lawrence Ave E #A007, Scarborough, ON, CA, M1H 1A9"
Ivan Mus,Ivan Mus,N/A
Musa Musa,Dentistry on Jane,"9441 Jane St #117, Maple, ON, CA, L6A 4H8"
Lori Musacchio,Lori Musacchio,N/A
Shireen Musaddiq,Windwood Dental,"3080 Windwood Dr #1, Mississauga, ON, CA, L5N 2K5"
Shireen Musaddiq,Glenashton Dental Center,"333 Glenashton Dr #3, Oakville, ON, CA, L6H 7P6"
Regina Musheyev,Regina Musheyev,N/A
Gregory Musico,Gregory Musico,N/A
Kenneth Musselman,Kenneth Musselman,N/A
Anas Mustafa,Altima Sunset Dental Centre,"987 Talbot St, St. Thomas, ON, CA, N5P 1E9"
Farrah Mustapha,Farrah Mustapha,N/A
Christian Mustapic,Baywood Dental,"131 East Ave, Thunder Bay, ON, CA, P7A 8A4"
Adrian Musters,Main Street Dental Centre,"11 Main St W, Huntsville, ON, CA, P1H 2C5"
Hrista Musulan,Hrista Musulan,"1333 Sheppard Ave E #246, North York, ON, CA, M2J 1V1"
Pragathi Musunuru,Bowmanville Dental,"243 King St E #122, Bowmanville, ON, CA, L1C 3X1"
Pragathi Musunuru,Courtice Health Centre Dental Office,"1450 King St E, Courtice, ON, CA, L1E 3C3"
Pragathi Musunuru,Oshawa Centre Dental Office,"419 King St W #1000, Oshawa, ON, CA, L1J 2K5"
Sunil Mutalik,"University of Manitoba, Fac of Dent","780 Bannatyne Ave, Winnipeg, MB, CA, R3E 0W2"
Alexander Mutchmor,Alexander Mutchmor,N/A
Kenneth Muxlow,Kenneth Muxlow,N/A
Katerine Muzar,Chapel Hill Dental,"3400 Innes Rd, Orleans, ON, CA, K1W 0G1"
Jaime Muyal,Bloor-Dundas Dental Office,"2335 Dundas St W Box 33, Toronto, ON, CA, M6R 1X6"
Jaime Muyal,Maple Hill Dental Office,"10330 Yonge St #5, Richmond Hill, ON, CA, L4C 5N1"
Jaime Muyal,Dr. Jaime Muyal & Associates,"7368 Yonge St #209, Thornhill, ON, CA, L4J 8H9"
William Muzzatti,Midtown Dental Centre,"4411 Tecumseh Rd E, Windsor, ON, CA, N8W 1K6"
Wardah Muzzamil,Sheridan Dental Centre,"1550 Kingston Rd #11/12, Pickering, ON, CA, L1V 1C3"
Wardah Muzzamil,Altima Promenade Dental Centre,"1 Promenade Circle, Store #185/186 The Promenade Shopping Centre, Thornhill, ON, CA, L4J 4P8"
MyAnalytics,MyAnalytics,N/A
Jeffrey Myers,Jeffrey Myers,N/A
Philip Mwimanzi,Orleans Dental Centre,"2555 St. Joseph Blvd #301, Orleans, ON, CA, K1C 1S6"
Philip Mwimanzi,Philip Mwimanzi,"240 Kennevale Dr #104, Ottawa, ON, CA, K2J 6B6"
Philip Mwimanzi,Philip Mwimanzi,"1008 Bridge St #1, Manotick, ON, CA, K4M 1K4"
Natalia Myrrha Melo,Natalia Myrrha Melo,N/A
Gerald Myles,Gerald Myles,N/A
Kiran Mysore,Kiran Mysore,N/A
Jae-Uk Myung,Jae-Uk Myung,N/A
Jae-Un Myung,Jae-Un Myung,N/A
Paul Mytnowych,Appleby Dental Professionals,"4300 Upper Middle Rd #1, Burlington, ON, CA, L7M 4P6"
Priya Naagar,Sixth Line Family Dental,"1500 Sixth Line #9, Oakville, ON, CA, L6H 2P2"
Ali Nabavieh,Southdale Dental Office,"553 Southdale Rd E #104, London, ON, CA, N6E 1A2"
Ali Nabavieh,Forest City Dental,"2083 Wharncliffe Rd S, London, ON, CA, N6P 1K9"
Banafsheh Nabavi,Rose Dental Clinic,"7163 Yonge St #122, Markham, ON, CA, L3T 0C6"
Maryam Nabawi,Desert Rose Dental Clinic,"1-15450 Yonge St, Aurora, ON, CA, L4G 0K1"
Edward Nabeta,Edward Nabeta,N/A
Jared Nabeta,Dr. Jared Nabeta,"2202 Industrial St #C, Burlington, ON, CA, L7P 0N6"
Jared Nabeta,Uptown Dental,"2200 Trafalgar Rd, Oakville, ON, CA, L6H 7H2"
Yoshinobu Nabeta,Yoshinobu Nabeta,N/A
Richard Nabeta,Dr. Jared Nabeta,"2202 Industrial St #C, Burlington, ON, CA, L7P 0N6"
Wael Nabhan,Wellington Dentistry,"310 Wellington Rd Suite J, London, ON, CA, N6C 4P4"
Wael Nabhan,Denali Dental,"405 Martin St #5&6, Milton, ON, CA, L9T 2R8"
Wael Nabhan,Wael Nabhan,"1221 Dundas St #1, London, ON, CA, N5W 3B1"
Zeeshan Nabi,A.G.S. Dental,"314 Harwood Ave S #1, Ajax, ON, CA, L1S 2J1"
Zeeshan Nabi,Sewells Dental,"400 Sewells Rd #6/7, Scarborough, ON, CA, M1B 5K8"
Ali Nabili,Ali Nabili,N/A
John Naccarato,John Naccarato,"30 Eglinton Ave W #750, Mississauga, ON, CA, L5R 3E7"
John Naccarato,Dr. Joseph Mendolia & Associates,"4585 Hwy 7 #1 Piazza Capri, Woodbridge, ON, CA, L4L 1S6"
Ziad Nabih,Parkside Village Dental,"515 Curran Pl, Mississauga, ON, CA, L5B 0H4"
Ziad Nabih,Belmont Glasgow Dental Centre,"185 Glasgow St, Kichener, ON, CA, N2E 2M2"
Ziad Nabih,Thorncliffe Overlea Dental Centre,"65 Overlea Blvd #103, Toronto, ON, CA, M4H 1P1"
Ziad Nabih,Dundas Dental Centre,"29C Dundas St E, Mississauga, ON, CA, L5A 1V9"
Ziad Nabih,Hurontario-Harborn Dental Centre,"2090 Hurontario St #3, Mississauga, ON, CA, L5B 1M8"
Ziad Nabih,Dr. Ziad Nabih Dental Office,"1701 Martingrove Rd #2, Toronto, ON, CA, M9V 4N4"
Ziad Nabih,Bovaird Dental Centre,"10025 Hurontario St #12, Brampton, ON, CA, L6Z 0E6"
Alexandra Nadeau,CFB Kingston,"Building ME-40, 26 Somme Avenue PO Box 17000, Kingston, ON, CA, K7K 7B4"
Saman Naddaf,Saman Naddaf,N/A
Steven Nadel,Steven Nadel,N/A
Karine Nadeau,Karine Nadeau,N/A
Bobby Nadeau,Kingston Endodontics,"673 Innovation Dr #7, Kingston, ON, CA, K7K 7E6"
Tarek Nader,Tarek Nader,N/A
Lara Nader,Lara Nader,N/A
Fahad Naeem,Horizon Family Dentistry,"75 Concession St, Havelock, ON, CA, K0L 1Z0"
Fahad Naeem,Dentistry at Harwood,"12 Harwood Ave S, Ajax, ON, CA, L1S 7L8"
Fahad Naeem,Dental Med at Finch & Keele,"1290 Finch Ave W #14, Toronto West, ON, CA, M3J 3K3"
Larisa Naderiani,RCDSO,"6 Crescent Rd, Toronto, ON, CA, M4W 1T1"
Larisa Naderiani,"University of Toronto, Fac of Dent","124 Edward St, Toronto, ON, CA, M5G 1G6"
Sarah Nafal,Sarah Nafal,N/A
Farah Nafie,DentalVille,"4961 King St, Beamsville, ON, CA, L0R 1B0"
Farah Nafie,Smilecrafters Dental,"1146 Wilson St W #B5 HWY #2, Ancaster, ON, CA, L9G 3K9"
Farah Nafie,Townline Dentistry,"900 Jamieson Pkwy #3, Cambridge, ON, CA, N3C 4N6"
Chen Nadler,Chen Nadler,N/A
Chaitra Nagaraja,Costello Family Dentistry,"6 Costello Dr, Carleton Place, ON, CA, K7C 4P9"
Chaitra Nagaraja,Dentisty@Smith Falls,"275 Brockville St #28, Smiths Falls, ON, CA, K7A 4Z6"
Thevahi Nagaarudkumaran,Trinity Family Dental,"185 Thickson Rd N, Whitby, ON, CA, L1N 6T9"
Thevahi Nagaarudkumaran,Thevahi Nagaarudkumaran,"970 Franklin Blvd #4, Cambridge, ON, CA, N1R 8R3"
Kazumi Nagai,Derry Dental Centre,"3427 Derry Rd E #200, Mississauga, ON, CA, L4T 4H7"
Kazumi Nagai,"University of Toronto, Fac of Dent","124 Edward St, Toronto, ON, CA, M5G 1G6"
Huma Nagani,Huma Nagani,"3410 Sheppard Ave E #311, Scarborough, ON, CA, M1T 3K4"
Huma Nagani,Dr. G. Bhatt & Associates,"790 Burnhamthorpe Rd W #7, Mississauga, ON, CA, L5C 4G3"
Kokilapriya Nagasundaram,SquareOne Smiles Dentistry,"33 City Centre Dr #145, Mississauga, ON, CA, L5B 2N5"
Kokilapriya Nagasundaram,Lakeshore Dentistry,"125 Lakeshore Rd E #A16, Mississuaga, ON, CA, L5G 1E5"
Kokilapriya Nagasundaram,One Dental,"3430 Finch Ave E #3, Scarborough, ON, CA, M1W 2R5"
Amirali Naghdi,Lakeside Family Dentistry,"89 Colborne St E, Orillia, ON, CA, L3V 1T8"
Sayyed Naghibi,Sayyed Naghibi,N/A
Yeganeh Naghib-Zadeh,Summerllyn Dental Care,"459 Holland St W Bdg F #1, Bradford, ON, CA, L3Z 0C1"
Yeganeh Naghib-Zadeh,Smiles at Summerhill Dental,"16880 Yonge St #2, Newmarket, ON, CA, L3Y 0A3"
Taraneh Naghieh,Taraneh Naghieh,N/A
Ava Naghavi,Avenue Smiles Dental,"A&B-1704 Avenue Rd, North York, ON, CA, M5M 3Y4"
Ava Naghavi,White Cedar Dental Care,"610 Huronia Rd #7, Barrie, ON, CA, L4N 0W5"
Ava Naghavi,Arvanitis & Associates Dentistry by Design,"55 Bridgeport Rd E, Waterloo, ON, CA, N2J 2J7"
Ava Naghavi,Aspen Springs Dental Centre,"1 Hartwell Ave #300, Bowmanville, ON, CA, L1C 0N1"
Safa Naghipur,Safa Naghipur,N/A
Patrick Nagle,Patrick Nagle,"2 Eugenie St E 1st Floor, Windsor, ON, CA, N8X 2X8"
Alice Nagle,Alice Nagle,N/A
Mahesh Nagpal,Mahesh Nagpal,N/A
Sana Nagi,The Tooth Corner Dental Offices,"521 Hwy 8, Suite 3, Stoney Creek, ON, CA, L8G 1G4"
Sonia Nagpal,Dundas Tower Dental Centre,"165 Dundas St W #108, Mississauga, ON, CA, L5B 2N6"
Sonia Nagpal,Dr. S. Dhillon & Associates,"900 Ray Lawson Blvd #4, Brampton, ON, CA, L6Y 5H7"
Daljit Nagra,Trillium Dental,"407 Laurier Ave W Ground Floor Physical Slater St Entrance, Ottawa, ON, CA, K1R 7Y7"
Lily Nahri,No clinics found,N/A
Tae Kyum Nah,Urbanview Dental,"700 Bay St #2, Toronto, ON, CA, M5G 1Z6"
Yosef Nahmias,Alliance Dental Specialists,"1525 Cornwall Rd #21, Oakville, ON, CA, L6J 0B2"
Milton Naiberg,Milton Naiberg,N/A
Lushen Manickum Naidoo,Dentistry on Catherine Street,"240 Catherine St #404, Ottawa, ON, CA, K2P 2G8"
Seema Naik,Seema Naik,N/A
Shamenthri Naiker,Heritage Plaza,"5990-16th Ave #214, Markham, ON, CA, L3P 7R2"
Dana Naikauskas,Dana Naikauskas,N/A
Cindy Naime Velasquez,Gateway Dental,"789 McKeown Ave #6, North Bay, ON, CA, P1B 0C8"
Hashim Nainar,"University of Toronto, Fac of Dent","124 Edward St, Toronto, ON, CA, M5G 1G6"
Leily Najafisalehi,Leily Najafisalehi,N/A
Armina Najafi,Elles Birch Dental Office,"1620 Birchmount Rd #3, Scarborough, ON, CA, M1P 2H5"
Armina Najafi,Springhill Dental Office,"13237 Yonge St #B8, Richmond Hill, ON, CA, L4E 1B6"
Armina Najafi,"University of Toronto, Fac of Dent","124 Edward St, Toronto, ON, CA, M5G 1G6"
Armina Najafi,Armina Najafi,"5635 Yonge St #216, North York, ON, CA, M2M 3S9"
Armina Najafi,Kipling Family Dentistry,"1735 Kipling Ave #219, Toronto, ON, CA, M9R 2Y8"
Surbhi Nair,Trillium Dental Centre,"1309 Carling Ave #6, Ottawa, ON, CA, K1Z 7L3"
Ashish Nair,Ashish Nair,"345 Slater St #190, Ottawa, ON, CA, K1R 1B2"
Ashish Nair,Trillium Dental,"407 Laurier Ave W Ground Floor Physical Slater St Entrance, Ottawa, ON, CA, K1R 7Y7"
Vera Najdova,Vera Najdova,N/A
Mohammadamin Najirad,Sheppard Avenue East Dental Office,"5800 Sheppard Ave E #11, Scarborough, ON, CA, M1B 5J7"
Mohammadamin Najirad,Victoria Square Dental Care,"2450 Sheppard Ave E #110, Toronto, ON, CA, M2J 1X1"
Mohammadamin Najirad,Valley Dental Clinic,"5085 Hwy 69 N #17, Hanmer, ON, CA, P3P 1P7"
Mohammadamin Najirad,Portway Dental Centre,"230 Shellard Ln, Brantford, ON, CA, N3T 0B9"
Zahra Najirad,My Smile Orthodontics,"10660 Yonge St #5, Richmond Hill, ON, CA, L4C 3C9"
Maher Naji,Pine Valley Dental Centre,"211 Marycroft Ave #1A, Woodbridge, ON, CA, L4L 5X8"
Maher Naji,Station Dental,"286 Duke St W, Kitchener, ON, CA, N2H 3X8"
Sudharma Najimudeen,Sudharma Najimudeen,N/A
Hoda Najjaran Toussi,Ansarian Dental Clinic,"101-332 Richmond St W, Toronto, ON, CA, M5V 1X2"
Hoda Najjaran Toussi,Polar Dental Centre-Yonge & Elgin Mills,"10660 Yonge St, Richmond Hill, ON, CA, L4C 3C9"
Shoji Nakashima,Shoji Nakashima,N/A
Dina Nakhla,Ancaster Dental Centre,"99 Fiddlers Green Rd, Ancaster, ON, CA, L9G 1W4"
Erika Nakashoji,Cochrane Family Dentistry,"213 Sixth Ave, Cochrane, ON, CA, P0L 1C0"
Michael Nakhla,Brittany Dental Centre,"5602 Tenth Line W #103, Mississauga, ON, CA, L5M 7L9"
Mark Nalbandian,Mark Nalbandian,"108-3137 Sheppard Ave E, Scarborough, ON, CA, M1T 3J7"
Mark Nalbandian,Islington Dental Clinic,"2978 Islington Ave #101, Weston, ON, CA, M9L 2K6"
Junghyun Nam,Blu Dental,"5970 16th Ave #128, Markham, ON, CA, L3P 7R1"
